year	bicycles
10/03/2012 12:00:00 AM	9
10/03/2012 01:00:00 AM	6
10/03/2012 02:00:00 AM	1
10/03/2012 03:00:00 AM	3
10/03/2012 04:00:00 AM	1
10/03/2012 05:00:00 AM	10
10/03/2012 06:00:00 AM	50
10/03/2012 07:00:00 AM	95
10/03/2012 08:00:00 AM	146
10/03/2012 09:00:00 AM	104
10/03/2012 10:00:00 AM	46
10/03/2012 11:00:00 AM	32
10/03/2012 12:00:00 PM	41
10/03/2012 01:00:00 PM	48
10/03/2012 02:00:00 PM	51
10/03/2012 03:00:00 PM	92
10/03/2012 04:00:00 PM	182
10/03/2012 05:00:00 PM	391
10/03/2012 06:00:00 PM	258
10/03/2012 07:00:00 PM	69
10/03/2012 08:00:00 PM	51
10/03/2012 09:00:00 PM	38
10/03/2012 10:00:00 PM	25
10/03/2012 11:00:00 PM	12
10/04/2012 12:00:00 AM	11
10/04/2012 01:00:00 AM	0
10/04/2012 02:00:00 AM	6
10/04/2012 03:00:00 AM	3
10/04/2012 04:00:00 AM	1
10/04/2012 05:00:00 AM	11
10/04/2012 06:00:00 AM	51
10/04/2012 07:00:00 AM	89
10/04/2012 08:00:00 AM	134
10/04/2012 09:00:00 AM	94
10/04/2012 10:00:00 AM	53
10/04/2012 11:00:00 AM	55
10/04/2012 12:00:00 PM	50
10/04/2012 01:00:00 PM	71
10/04/2012 02:00:00 PM	56
10/04/2012 03:00:00 PM	74
10/04/2012 04:00:00 PM	161
10/04/2012 05:00:00 PM	353
10/04/2012 06:00:00 PM	241
10/04/2012 07:00:00 PM	107
10/04/2012 08:00:00 PM	56
10/04/2012 09:00:00 PM	39
10/04/2012 10:00:00 PM	21
10/04/2012 11:00:00 PM	30
10/05/2012 12:00:00 AM	7
10/05/2012 01:00:00 AM	4
10/05/2012 02:00:00 AM	3
10/05/2012 03:00:00 AM	2
10/05/2012 04:00:00 AM	2
10/05/2012 05:00:00 AM	7
10/05/2012 06:00:00 AM	37
10/05/2012 07:00:00 AM	101
10/05/2012 08:00:00 AM	119
10/05/2012 09:00:00 AM	81
10/05/2012 10:00:00 AM	48
10/05/2012 11:00:00 AM	61
10/05/2012 12:00:00 PM	46
10/05/2012 01:00:00 PM	50
10/05/2012 02:00:00 PM	62
10/05/2012 03:00:00 PM	84
10/05/2012 04:00:00 PM	190
10/05/2012 05:00:00 PM	290
10/05/2012 06:00:00 PM	209
10/05/2012 07:00:00 PM	73
10/05/2012 08:00:00 PM	41
10/05/2012 09:00:00 PM	31
10/05/2012 10:00:00 PM	26
10/05/2012 11:00:00 PM	16
10/06/2012 12:00:00 AM	7
10/06/2012 01:00:00 AM	5
10/06/2012 02:00:00 AM	2
10/06/2012 03:00:00 AM	2
10/06/2012 04:00:00 AM	1
10/06/2012 05:00:00 AM	2
10/06/2012 06:00:00 AM	15
10/06/2012 07:00:00 AM	16
10/06/2012 08:00:00 AM	47
10/06/2012 09:00:00 AM	55
10/06/2012 10:00:00 AM	47
10/06/2012 11:00:00 AM	48
10/06/2012 12:00:00 PM	73
10/06/2012 01:00:00 PM	82
10/06/2012 02:00:00 PM	114
10/06/2012 03:00:00 PM	96
10/06/2012 04:00:00 PM	76
10/06/2012 05:00:00 PM	73
10/06/2012 06:00:00 PM	55
10/06/2012 07:00:00 PM	38
10/06/2012 08:00:00 PM	18
10/06/2012 09:00:00 PM	15
10/06/2012 10:00:00 PM	20
10/06/2012 11:00:00 PM	19
10/07/2012 12:00:00 AM	5
10/07/2012 01:00:00 AM	5
10/07/2012 02:00:00 AM	1
10/07/2012 03:00:00 AM	2
10/07/2012 04:00:00 AM	2
10/07/2012 05:00:00 AM	3
10/07/2012 06:00:00 AM	8
10/07/2012 07:00:00 AM	12
10/07/2012 08:00:00 AM	26
10/07/2012 09:00:00 AM	36
10/07/2012 10:00:00 AM	41
10/07/2012 11:00:00 AM	71
10/07/2012 12:00:00 PM	91
10/07/2012 01:00:00 PM	99
10/07/2012 02:00:00 PM	115
10/07/2012 03:00:00 PM	109
10/07/2012 04:00:00 PM	93
10/07/2012 05:00:00 PM	73
10/07/2012 06:00:00 PM	45
10/07/2012 07:00:00 PM	23
10/07/2012 08:00:00 PM	36
10/07/2012 09:00:00 PM	35
10/07/2012 10:00:00 PM	9
10/07/2012 11:00:00 PM	11
10/08/2012 12:00:00 AM	5
10/08/2012 01:00:00 AM	2
10/08/2012 02:00:00 AM	0
10/08/2012 03:00:00 AM	4
10/08/2012 04:00:00 AM	2
10/08/2012 05:00:00 AM	7
10/08/2012 06:00:00 AM	48
10/08/2012 07:00:00 AM	94
10/08/2012 08:00:00 AM	153
10/08/2012 09:00:00 AM	104
10/08/2012 10:00:00 AM	44
10/08/2012 11:00:00 AM	44
10/08/2012 12:00:00 PM	55
10/08/2012 01:00:00 PM	44
10/08/2012 02:00:00 PM	62
10/08/2012 03:00:00 PM	75
10/08/2012 04:00:00 PM	135
10/08/2012 05:00:00 PM	390
10/08/2012 06:00:00 PM	226
10/08/2012 07:00:00 PM	95
10/08/2012 08:00:00 PM	57
10/08/2012 09:00:00 PM	35
10/08/2012 10:00:00 PM	14
10/08/2012 11:00:00 PM	13
10/09/2012 12:00:00 AM	4
10/09/2012 01:00:00 AM	2
10/09/2012 02:00:00 AM	2
10/09/2012 03:00:00 AM	3
10/09/2012 04:00:00 AM	5
10/09/2012 05:00:00 AM	9
10/09/2012 06:00:00 AM	50
10/09/2012 07:00:00 AM	110
10/09/2012 08:00:00 AM	145
10/09/2012 09:00:00 AM	112
10/09/2012 10:00:00 AM	36
10/09/2012 11:00:00 AM	45
10/09/2012 12:00:00 PM	40
10/09/2012 01:00:00 PM	37
10/09/2012 02:00:00 PM	54
10/09/2012 03:00:00 PM	72
10/09/2012 04:00:00 PM	149
10/09/2012 05:00:00 PM	400
10/09/2012 06:00:00 PM	244
10/09/2012 07:00:00 PM	105
10/09/2012 08:00:00 PM	53
10/09/2012 09:00:00 PM	34
10/09/2012 10:00:00 PM	17
10/09/2012 11:00:00 PM	14
10/10/2012 12:00:00 AM	7
10/10/2012 01:00:00 AM	2
10/10/2012 02:00:00 AM	0
10/10/2012 03:00:00 AM	3
10/10/2012 04:00:00 AM	2
10/10/2012 05:00:00 AM	9
10/10/2012 06:00:00 AM	40
10/10/2012 07:00:00 AM	95
10/10/2012 08:00:00 AM	133
10/10/2012 09:00:00 AM	99
10/10/2012 10:00:00 AM	44
10/10/2012 11:00:00 AM	21
10/10/2012 12:00:00 PM	40
10/10/2012 01:00:00 PM	48
10/10/2012 02:00:00 PM	39
10/10/2012 03:00:00 PM	65
10/10/2012 04:00:00 PM	128
10/10/2012 05:00:00 PM	377
10/10/2012 06:00:00 PM	215
10/10/2012 07:00:00 PM	94
10/10/2012 08:00:00 PM	56
10/10/2012 09:00:00 PM	38
10/10/2012 10:00:00 PM	19
10/10/2012 11:00:00 PM	13
10/11/2012 12:00:00 AM	14
10/11/2012 01:00:00 AM	6
10/11/2012 02:00:00 AM	5
10/11/2012 03:00:00 AM	2
10/11/2012 04:00:00 AM	1
10/11/2012 05:00:00 AM	12
10/11/2012 06:00:00 AM	41
10/11/2012 07:00:00 AM	79
10/11/2012 08:00:00 AM	122
10/11/2012 09:00:00 AM	48
10/11/2012 10:00:00 AM	0
10/11/2012 11:00:00 AM	5
10/11/2012 12:00:00 PM	37
10/11/2012 01:00:00 PM	58
10/11/2012 02:00:00 PM	56
10/11/2012 03:00:00 PM	69
10/11/2012 04:00:00 PM	135
10/11/2012 05:00:00 PM	360
10/11/2012 06:00:00 PM	186
10/11/2012 07:00:00 PM	92
10/11/2012 08:00:00 PM	60
10/11/2012 09:00:00 PM	45
10/11/2012 10:00:00 PM	19
10/11/2012 11:00:00 PM	16
10/12/2012 12:00:00 AM	9
10/12/2012 01:00:00 AM	6
10/12/2012 02:00:00 AM	1
10/12/2012 03:00:00 AM	3
10/12/2012 04:00:00 AM	3
10/12/2012 05:00:00 AM	4
10/12/2012 06:00:00 AM	30
10/12/2012 07:00:00 AM	58
10/12/2012 08:00:00 AM	86
10/12/2012 09:00:00 AM	45
10/12/2012 10:00:00 AM	29
10/12/2012 11:00:00 AM	31
10/12/2012 12:00:00 PM	28
10/12/2012 01:00:00 PM	33
10/12/2012 02:00:00 PM	30
10/12/2012 03:00:00 PM	63
10/12/2012 04:00:00 PM	96
10/12/2012 05:00:00 PM	212
10/12/2012 06:00:00 PM	112
10/12/2012 07:00:00 PM	49
10/12/2012 08:00:00 PM	27
10/12/2012 09:00:00 PM	16
10/12/2012 10:00:00 PM	3
10/12/2012 11:00:00 PM	15
10/13/2012 12:00:00 AM	12
10/13/2012 01:00:00 AM	6
10/13/2012 02:00:00 AM	6
10/13/2012 03:00:00 AM	0
10/13/2012 04:00:00 AM	2
10/13/2012 05:00:00 AM	3
10/13/2012 06:00:00 AM	5
10/13/2012 07:00:00 AM	13
10/13/2012 08:00:00 AM	8
10/13/2012 09:00:00 AM	20
10/13/2012 10:00:00 AM	17
10/13/2012 11:00:00 AM	14
10/13/2012 12:00:00 PM	24
10/13/2012 01:00:00 PM	26
10/13/2012 02:00:00 PM	32
10/13/2012 03:00:00 PM	20
10/13/2012 04:00:00 PM	32
10/13/2012 05:00:00 PM	25
10/13/2012 06:00:00 PM	24
10/13/2012 07:00:00 PM	17
10/13/2012 08:00:00 PM	10
10/13/2012 09:00:00 PM	6
10/13/2012 10:00:00 PM	14
10/13/2012 11:00:00 PM	15
10/14/2012 12:00:00 AM	3
10/14/2012 01:00:00 AM	4
10/14/2012 02:00:00 AM	4
10/14/2012 03:00:00 AM	0
10/14/2012 04:00:00 AM	1
10/14/2012 05:00:00 AM	0
10/14/2012 06:00:00 AM	7
10/14/2012 07:00:00 AM	4
10/14/2012 08:00:00 AM	8
10/14/2012 09:00:00 AM	26
10/14/2012 10:00:00 AM	25
10/14/2012 11:00:00 AM	18
10/14/2012 12:00:00 PM	22
10/14/2012 01:00:00 PM	33
10/14/2012 02:00:00 PM	30
10/14/2012 03:00:00 PM	15
10/14/2012 04:00:00 PM	16
10/14/2012 05:00:00 PM	10
10/14/2012 06:00:00 PM	9
10/14/2012 07:00:00 PM	13
10/14/2012 08:00:00 PM	6
10/14/2012 09:00:00 PM	4
10/14/2012 10:00:00 PM	6
10/14/2012 11:00:00 PM	7
10/15/2012 12:00:00 AM	5
10/15/2012 01:00:00 AM	1
10/15/2012 02:00:00 AM	1
10/15/2012 03:00:00 AM	2
10/15/2012 04:00:00 AM	2
10/15/2012 05:00:00 AM	7
10/15/2012 06:00:00 AM	34
10/15/2012 07:00:00 AM	58
10/15/2012 08:00:00 AM	92
10/15/2012 09:00:00 AM	73
10/15/2012 10:00:00 AM	29
10/15/2012 11:00:00 AM	21
10/15/2012 12:00:00 PM	38
10/15/2012 01:00:00 PM	29
10/15/2012 02:00:00 PM	33
10/15/2012 03:00:00 PM	58
10/15/2012 04:00:00 PM	76
10/15/2012 05:00:00 PM	239
10/15/2012 06:00:00 PM	150
10/15/2012 07:00:00 PM	51
10/15/2012 08:00:00 PM	38
10/15/2012 09:00:00 PM	18
10/15/2012 10:00:00 PM	11
10/15/2012 11:00:00 PM	7
10/16/2012 12:00:00 AM	4
10/16/2012 01:00:00 AM	3
10/16/2012 02:00:00 AM	0
10/16/2012 03:00:00 AM	4
10/16/2012 04:00:00 AM	3
10/16/2012 05:00:00 AM	8
10/16/2012 06:00:00 AM	34
10/16/2012 07:00:00 AM	69
10/16/2012 08:00:00 AM	104
10/16/2012 09:00:00 AM	77
10/16/2012 10:00:00 AM	47
10/16/2012 11:00:00 AM	36
10/16/2012 12:00:00 PM	26
10/16/2012 01:00:00 PM	42
10/16/2012 02:00:00 PM	44
10/16/2012 03:00:00 PM	86
10/16/2012 04:00:00 PM	146
10/16/2012 05:00:00 PM	353
10/16/2012 06:00:00 PM	198
10/16/2012 07:00:00 PM	90
10/16/2012 08:00:00 PM	47
10/16/2012 09:00:00 PM	30
10/16/2012 10:00:00 PM	14
10/16/2012 11:00:00 PM	12
10/17/2012 12:00:00 AM	9
10/17/2012 01:00:00 AM	3
10/17/2012 02:00:00 AM	3
10/17/2012 03:00:00 AM	4
10/17/2012 04:00:00 AM	3
10/17/2012 05:00:00 AM	9
10/17/2012 06:00:00 AM	44
10/17/2012 07:00:00 AM	85
10/17/2012 08:00:00 AM	133
10/17/2012 09:00:00 AM	78
10/17/2012 10:00:00 AM	47
10/17/2012 11:00:00 AM	26
10/17/2012 12:00:00 PM	50
10/17/2012 01:00:00 PM	40
10/17/2012 02:00:00 PM	51
10/17/2012 03:00:00 PM	89
10/17/2012 04:00:00 PM	145
10/17/2012 05:00:00 PM	332
10/17/2012 06:00:00 PM	241
10/17/2012 07:00:00 PM	94
10/17/2012 08:00:00 PM	40
10/17/2012 09:00:00 PM	41
10/17/2012 10:00:00 PM	23
10/17/2012 11:00:00 PM	6
10/18/2012 12:00:00 AM	0
10/18/2012 01:00:00 AM	4
10/18/2012 02:00:00 AM	4
10/18/2012 03:00:00 AM	4
10/18/2012 04:00:00 AM	1
10/18/2012 05:00:00 AM	12
10/18/2012 06:00:00 AM	35
10/18/2012 07:00:00 AM	73
10/18/2012 08:00:00 AM	130
10/18/2012 09:00:00 AM	83
10/18/2012 10:00:00 AM	35
10/18/2012 11:00:00 AM	46
10/18/2012 12:00:00 PM	56
10/18/2012 01:00:00 PM	70
10/18/2012 02:00:00 PM	51
10/18/2012 03:00:00 PM	77
10/18/2012 04:00:00 PM	132
10/18/2012 05:00:00 PM	334
10/18/2012 06:00:00 PM	191
10/18/2012 07:00:00 PM	62
10/18/2012 08:00:00 PM	34
10/18/2012 09:00:00 PM	23
10/18/2012 10:00:00 PM	10
10/18/2012 11:00:00 PM	7
10/19/2012 12:00:00 AM	9
10/19/2012 01:00:00 AM	1
10/19/2012 02:00:00 AM	1
10/19/2012 03:00:00 AM	2
10/19/2012 04:00:00 AM	5
10/19/2012 05:00:00 AM	6
10/19/2012 06:00:00 AM	21
10/19/2012 07:00:00 AM	54
10/19/2012 08:00:00 AM	76
10/19/2012 09:00:00 AM	76
10/19/2012 10:00:00 AM	24
10/19/2012 11:00:00 AM	26
10/19/2012 12:00:00 PM	24
10/19/2012 01:00:00 PM	44
10/19/2012 02:00:00 PM	36
10/19/2012 03:00:00 PM	56
10/19/2012 04:00:00 PM	98
10/19/2012 05:00:00 PM	212
10/19/2012 06:00:00 PM	134
10/19/2012 07:00:00 PM	46
10/19/2012 08:00:00 PM	29
10/19/2012 09:00:00 PM	12
10/19/2012 10:00:00 PM	9
10/19/2012 11:00:00 PM	11
10/20/2012 12:00:00 AM	5
10/20/2012 01:00:00 AM	7
10/20/2012 02:00:00 AM	4
10/20/2012 03:00:00 AM	3
10/20/2012 04:00:00 AM	2
10/20/2012 05:00:00 AM	6
10/20/2012 06:00:00 AM	6
10/20/2012 07:00:00 AM	12
10/20/2012 08:00:00 AM	18
10/20/2012 09:00:00 AM	30
10/20/2012 10:00:00 AM	31
10/20/2012 11:00:00 AM	33
10/20/2012 12:00:00 PM	34
10/20/2012 01:00:00 PM	51
10/20/2012 02:00:00 PM	46
10/20/2012 03:00:00 PM	28
10/20/2012 04:00:00 PM	46
10/20/2012 05:00:00 PM	26
10/20/2012 06:00:00 PM	38
10/20/2012 07:00:00 PM	18
10/20/2012 08:00:00 PM	12
10/20/2012 09:00:00 PM	8
10/20/2012 10:00:00 PM	6
10/20/2012 11:00:00 PM	12
10/21/2012 12:00:00 AM	12
10/21/2012 01:00:00 AM	9
10/21/2012 02:00:00 AM	4
10/21/2012 03:00:00 AM	1
10/21/2012 04:00:00 AM	1
10/21/2012 05:00:00 AM	4
10/21/2012 06:00:00 AM	5
10/21/2012 07:00:00 AM	6
10/21/2012 08:00:00 AM	11
10/21/2012 09:00:00 AM	22
10/21/2012 10:00:00 AM	28
10/21/2012 11:00:00 AM	23
10/21/2012 12:00:00 PM	37
10/21/2012 01:00:00 PM	41
10/21/2012 02:00:00 PM	47
10/21/2012 03:00:00 PM	52
10/21/2012 04:00:00 PM	30
10/21/2012 05:00:00 PM	46
10/21/2012 06:00:00 PM	19
10/21/2012 07:00:00 PM	10
10/21/2012 08:00:00 PM	18
10/21/2012 09:00:00 PM	10
10/21/2012 10:00:00 PM	7
10/21/2012 11:00:00 PM	6
10/22/2012 12:00:00 AM	2
10/22/2012 01:00:00 AM	3
10/22/2012 02:00:00 AM	0
10/22/2012 03:00:00 AM	3
10/22/2012 04:00:00 AM	5
10/22/2012 05:00:00 AM	8
10/22/2012 06:00:00 AM	32
10/22/2012 07:00:00 AM	74
10/22/2012 08:00:00 AM	92
10/22/2012 09:00:00 AM	54
10/22/2012 10:00:00 AM	38
10/22/2012 11:00:00 AM	20
10/22/2012 12:00:00 PM	23
10/22/2012 01:00:00 PM	20
10/22/2012 02:00:00 PM	26
10/22/2012 03:00:00 PM	38
10/22/2012 04:00:00 PM	87
10/22/2012 05:00:00 PM	272
10/22/2012 06:00:00 PM	145
10/22/2012 07:00:00 PM	49
10/22/2012 08:00:00 PM	26
10/22/2012 09:00:00 PM	11
10/22/2012 10:00:00 PM	9
10/22/2012 11:00:00 PM	4
10/23/2012 12:00:00 AM	3
10/23/2012 01:00:00 AM	1
10/23/2012 02:00:00 AM	1
10/23/2012 03:00:00 AM	1
10/23/2012 04:00:00 AM	6
10/23/2012 05:00:00 AM	8
10/23/2012 06:00:00 AM	33
10/23/2012 07:00:00 AM	67
10/23/2012 08:00:00 AM	105
10/23/2012 09:00:00 AM	58
10/23/2012 10:00:00 AM	31
10/23/2012 11:00:00 AM	25
10/23/2012 12:00:00 PM	35
10/23/2012 01:00:00 PM	23
10/23/2012 02:00:00 PM	38
10/23/2012 03:00:00 PM	49
10/23/2012 04:00:00 PM	114
10/23/2012 05:00:00 PM	299
10/23/2012 06:00:00 PM	194
10/23/2012 07:00:00 PM	67
10/23/2012 08:00:00 PM	38
10/23/2012 09:00:00 PM	26
10/23/2012 10:00:00 PM	10
10/23/2012 11:00:00 PM	5
10/24/2012 12:00:00 AM	8
10/24/2012 01:00:00 AM	9
10/24/2012 02:00:00 AM	2
10/24/2012 03:00:00 AM	3
10/24/2012 04:00:00 AM	3
10/24/2012 05:00:00 AM	9
10/24/2012 06:00:00 AM	39
10/24/2012 07:00:00 AM	67
10/24/2012 08:00:00 AM	89
10/24/2012 09:00:00 AM	64
10/24/2012 10:00:00 AM	38
10/24/2012 11:00:00 AM	14
10/24/2012 12:00:00 PM	15
10/24/2012 01:00:00 PM	28
10/24/2012 02:00:00 PM	32
10/24/2012 03:00:00 PM	61
10/24/2012 04:00:00 PM	104
10/24/2012 05:00:00 PM	261
10/24/2012 06:00:00 PM	165
10/24/2012 07:00:00 PM	79
10/24/2012 08:00:00 PM	35
10/24/2012 09:00:00 PM	26
10/24/2012 10:00:00 PM	21
10/24/2012 11:00:00 PM	7
10/25/2012 12:00:00 AM	1
10/25/2012 01:00:00 AM	5
10/25/2012 02:00:00 AM	1
10/25/2012 03:00:00 AM	2
10/25/2012 04:00:00 AM	1
10/25/2012 05:00:00 AM	14
10/25/2012 06:00:00 AM	38
10/25/2012 07:00:00 AM	60
10/25/2012 08:00:00 AM	114
10/25/2012 09:00:00 AM	69
10/25/2012 10:00:00 AM	23
10/25/2012 11:00:00 AM	26
10/25/2012 12:00:00 PM	35
10/25/2012 01:00:00 PM	38
10/25/2012 02:00:00 PM	38
10/25/2012 03:00:00 PM	86
10/25/2012 04:00:00 PM	138
10/25/2012 05:00:00 PM	295
10/25/2012 06:00:00 PM	193
10/25/2012 07:00:00 PM	61
10/25/2012 08:00:00 PM	49
10/25/2012 09:00:00 PM	34
10/25/2012 10:00:00 PM	19
10/25/2012 11:00:00 PM	12
10/26/2012 12:00:00 AM	8
10/26/2012 01:00:00 AM	7
10/26/2012 02:00:00 AM	1
10/26/2012 03:00:00 AM	1
10/26/2012 04:00:00 AM	6
10/26/2012 05:00:00 AM	9
10/26/2012 06:00:00 AM	32
10/26/2012 07:00:00 AM	66
10/26/2012 08:00:00 AM	96
10/26/2012 09:00:00 AM	55
10/26/2012 10:00:00 AM	27
10/26/2012 11:00:00 AM	22
10/26/2012 12:00:00 PM	20
10/26/2012 01:00:00 PM	27
10/26/2012 02:00:00 PM	33
10/26/2012 03:00:00 PM	67
10/26/2012 04:00:00 PM	108
10/26/2012 05:00:00 PM	204
10/26/2012 06:00:00 PM	131
10/26/2012 07:00:00 PM	43
10/26/2012 08:00:00 PM	28
10/26/2012 09:00:00 PM	24
10/26/2012 10:00:00 PM	9
10/26/2012 11:00:00 PM	10
10/27/2012 12:00:00 AM	6
10/27/2012 01:00:00 AM	3
10/27/2012 02:00:00 AM	10
10/27/2012 03:00:00 AM	1
10/27/2012 04:00:00 AM	3
10/27/2012 05:00:00 AM	6
10/27/2012 06:00:00 AM	6
10/27/2012 07:00:00 AM	6
10/27/2012 08:00:00 AM	13
10/27/2012 09:00:00 AM	11
10/27/2012 10:00:00 AM	11
10/27/2012 11:00:00 AM	9
10/27/2012 12:00:00 PM	12
10/27/2012 01:00:00 PM	13
10/27/2012 02:00:00 PM	28
10/27/2012 03:00:00 PM	21
10/27/2012 04:00:00 PM	32
10/27/2012 05:00:00 PM	10
10/27/2012 06:00:00 PM	7
10/27/2012 07:00:00 PM	7
10/27/2012 08:00:00 PM	3
10/27/2012 09:00:00 PM	11
10/27/2012 10:00:00 PM	5
10/27/2012 11:00:00 PM	8
10/28/2012 12:00:00 AM	5
10/28/2012 01:00:00 AM	11
10/28/2012 02:00:00 AM	3
10/28/2012 03:00:00 AM	3
10/28/2012 04:00:00 AM	1
10/28/2012 05:00:00 AM	1
10/28/2012 06:00:00 AM	9
10/28/2012 07:00:00 AM	6
10/28/2012 08:00:00 AM	15
10/28/2012 09:00:00 AM	24
10/28/2012 10:00:00 AM	24
10/28/2012 11:00:00 AM	31
10/28/2012 12:00:00 PM	42
10/28/2012 01:00:00 PM	51
10/28/2012 02:00:00 PM	49
10/28/2012 03:00:00 PM	46
10/28/2012 04:00:00 PM	40
10/28/2012 05:00:00 PM	39
10/28/2012 06:00:00 PM	13
10/28/2012 07:00:00 PM	11
10/28/2012 08:00:00 PM	9
10/28/2012 09:00:00 PM	7
10/28/2012 10:00:00 PM	6
10/28/2012 11:00:00 PM	5
10/29/2012 12:00:00 AM	7
10/29/2012 01:00:00 AM	1
10/29/2012 02:00:00 AM	1
10/29/2012 03:00:00 AM	2
10/29/2012 04:00:00 AM	3
10/29/2012 05:00:00 AM	5
10/29/2012 06:00:00 AM	30
10/29/2012 07:00:00 AM	53
10/29/2012 08:00:00 AM	87
10/29/2012 09:00:00 AM	51
10/29/2012 10:00:00 AM	36
10/29/2012 11:00:00 AM	29
10/29/2012 12:00:00 PM	21
10/29/2012 01:00:00 PM	23
10/29/2012 02:00:00 PM	34
10/29/2012 03:00:00 PM	53
10/29/2012 04:00:00 PM	85
10/29/2012 05:00:00 PM	247
10/29/2012 06:00:00 PM	164
10/29/2012 07:00:00 PM	58
10/29/2012 08:00:00 PM	36
10/29/2012 09:00:00 PM	27
10/29/2012 10:00:00 PM	9
10/29/2012 11:00:00 PM	9
10/30/2012 12:00:00 AM	7
10/30/2012 01:00:00 AM	0
10/30/2012 02:00:00 AM	1
10/30/2012 03:00:00 AM	2
10/30/2012 04:00:00 AM	3
10/30/2012 05:00:00 AM	6
10/30/2012 06:00:00 AM	23
10/30/2012 07:00:00 AM	49
10/30/2012 08:00:00 AM	75
10/30/2012 09:00:00 AM	53
10/30/2012 10:00:00 AM	23
10/30/2012 11:00:00 AM	13
10/30/2012 12:00:00 PM	13
10/30/2012 01:00:00 PM	14
10/30/2012 02:00:00 PM	24
10/30/2012 03:00:00 PM	31
10/30/2012 04:00:00 PM	70
10/30/2012 05:00:00 PM	199
10/30/2012 06:00:00 PM	132
10/30/2012 07:00:00 PM	44
10/30/2012 08:00:00 PM	20
10/30/2012 09:00:00 PM	8
10/30/2012 10:00:00 PM	8
10/30/2012 11:00:00 PM	5
10/31/2012 12:00:00 AM	2
10/31/2012 01:00:00 AM	1
10/31/2012 02:00:00 AM	0
10/31/2012 03:00:00 AM	1
10/31/2012 04:00:00 AM	4
10/31/2012 05:00:00 AM	4
10/31/2012 06:00:00 AM	22
10/31/2012 07:00:00 AM	37
10/31/2012 08:00:00 AM	76
10/31/2012 09:00:00 AM	37
10/31/2012 10:00:00 AM	16
10/31/2012 11:00:00 AM	17
10/31/2012 12:00:00 PM	27
10/31/2012 01:00:00 PM	21
10/31/2012 02:00:00 PM	21
10/31/2012 03:00:00 PM	48
10/31/2012 04:00:00 PM	94
10/31/2012 05:00:00 PM	189
10/31/2012 06:00:00 PM	100
10/31/2012 07:00:00 PM	54
10/31/2012 08:00:00 PM	31
10/31/2012 09:00:00 PM	6
10/31/2012 10:00:00 PM	6
10/31/2012 11:00:00 PM	13
11/01/2012 12:00:00 AM	3
11/01/2012 01:00:00 AM	3
11/01/2012 02:00:00 AM	1
11/01/2012 03:00:00 AM	0
11/01/2012 04:00:00 AM	4
11/01/2012 05:00:00 AM	7
11/01/2012 06:00:00 AM	26
11/01/2012 07:00:00 AM	52
11/01/2012 08:00:00 AM	81
11/01/2012 09:00:00 AM	55
11/01/2012 10:00:00 AM	17
11/01/2012 11:00:00 AM	17
11/01/2012 12:00:00 PM	31
11/01/2012 01:00:00 PM	27
11/01/2012 02:00:00 PM	29
11/01/2012 03:00:00 PM	60
11/01/2012 04:00:00 PM	93
11/01/2012 05:00:00 PM	223
11/01/2012 06:00:00 PM	162
11/01/2012 07:00:00 PM	68
11/01/2012 08:00:00 PM	35
11/01/2012 09:00:00 PM	18
11/01/2012 10:00:00 PM	8
11/01/2012 11:00:00 PM	10
11/02/2012 12:00:00 AM	2
11/02/2012 01:00:00 AM	4
11/02/2012 02:00:00 AM	0
11/02/2012 03:00:00 AM	1
11/02/2012 04:00:00 AM	5
11/02/2012 05:00:00 AM	6
11/02/2012 06:00:00 AM	38
11/02/2012 07:00:00 AM	68
11/02/2012 08:00:00 AM	91
11/02/2012 09:00:00 AM	65
11/02/2012 10:00:00 AM	39
11/02/2012 11:00:00 AM	34
11/02/2012 12:00:00 PM	31
11/02/2012 01:00:00 PM	48
11/02/2012 02:00:00 PM	29
11/02/2012 03:00:00 PM	67
11/02/2012 04:00:00 PM	121
11/02/2012 05:00:00 PM	254
11/02/2012 06:00:00 PM	122
11/02/2012 07:00:00 PM	50
11/02/2012 08:00:00 PM	24
11/02/2012 09:00:00 PM	13
11/02/2012 10:00:00 PM	13
11/02/2012 11:00:00 PM	8
11/03/2012 12:00:00 AM	5
11/03/2012 01:00:00 AM	4
11/03/2012 02:00:00 AM	2
11/03/2012 03:00:00 AM	0
11/03/2012 04:00:00 AM	2
11/03/2012 05:00:00 AM	6
11/03/2012 06:00:00 AM	3
11/03/2012 07:00:00 AM	6
11/03/2012 08:00:00 AM	14
11/03/2012 09:00:00 AM	36
11/03/2012 10:00:00 AM	26
11/03/2012 11:00:00 AM	39
11/03/2012 12:00:00 PM	24
11/03/2012 01:00:00 PM	35
11/03/2012 02:00:00 PM	54
11/03/2012 03:00:00 PM	36
11/03/2012 04:00:00 PM	32
11/03/2012 05:00:00 PM	34
11/03/2012 06:00:00 PM	25
11/03/2012 07:00:00 PM	16
11/03/2012 08:00:00 PM	15
11/03/2012 09:00:00 PM	5
11/03/2012 10:00:00 PM	6
11/03/2012 11:00:00 PM	14
11/04/2012 12:00:00 AM	11
11/04/2012 01:00:00 AM	4
11/04/2012 02:00:00 AM	5
11/04/2012 03:00:00 AM	2
11/04/2012 04:00:00 AM	2
11/04/2012 05:00:00 AM	2
11/04/2012 06:00:00 AM	3
11/04/2012 07:00:00 AM	12
11/04/2012 08:00:00 AM	24
11/04/2012 09:00:00 AM	34
11/04/2012 10:00:00 AM	28
11/04/2012 11:00:00 AM	34
11/04/2012 12:00:00 PM	44
11/04/2012 01:00:00 PM	41
11/04/2012 02:00:00 PM	29
11/04/2012 03:00:00 PM	45
11/04/2012 04:00:00 PM	51
11/04/2012 05:00:00 PM	36
11/04/2012 06:00:00 PM	15
11/04/2012 07:00:00 PM	8
11/04/2012 08:00:00 PM	11
11/04/2012 09:00:00 PM	8
11/04/2012 10:00:00 PM	7
11/04/2012 11:00:00 PM	7
11/05/2012 12:00:00 AM	2
11/05/2012 01:00:00 AM	1
11/05/2012 02:00:00 AM	1
11/05/2012 03:00:00 AM	2
11/05/2012 04:00:00 AM	3
11/05/2012 05:00:00 AM	7
11/05/2012 06:00:00 AM	45
11/05/2012 07:00:00 AM	74
11/05/2012 08:00:00 AM	121
11/05/2012 09:00:00 AM	77
11/05/2012 10:00:00 AM	26
11/05/2012 11:00:00 AM	19
11/05/2012 12:00:00 PM	54
11/05/2012 01:00:00 PM	32
11/05/2012 02:00:00 PM	40
11/05/2012 03:00:00 PM	58
11/05/2012 04:00:00 PM	134
11/05/2012 05:00:00 PM	344
11/05/2012 06:00:00 PM	177
11/05/2012 07:00:00 PM	78
11/05/2012 08:00:00 PM	36
11/05/2012 09:00:00 PM	24
11/05/2012 10:00:00 PM	11
11/05/2012 11:00:00 PM	14
11/06/2012 12:00:00 AM	5
11/06/2012 01:00:00 AM	3
11/06/2012 02:00:00 AM	2
11/06/2012 03:00:00 AM	2
11/06/2012 04:00:00 AM	3
11/06/2012 05:00:00 AM	9
11/06/2012 06:00:00 AM	33
11/06/2012 07:00:00 AM	63
11/06/2012 08:00:00 AM	113
11/06/2012 09:00:00 AM	55
11/06/2012 10:00:00 AM	30
11/06/2012 11:00:00 AM	22
11/06/2012 12:00:00 PM	32
11/06/2012 01:00:00 PM	26
11/06/2012 02:00:00 PM	38
11/06/2012 03:00:00 PM	58
11/06/2012 04:00:00 PM	141
11/06/2012 05:00:00 PM	298
11/06/2012 06:00:00 PM	147
11/06/2012 07:00:00 PM	47
11/06/2012 08:00:00 PM	27
11/06/2012 09:00:00 PM	20
11/06/2012 10:00:00 PM	16
11/06/2012 11:00:00 PM	16
11/07/2012 12:00:00 AM	6
11/07/2012 01:00:00 AM	1
11/07/2012 02:00:00 AM	2
11/07/2012 03:00:00 AM	5
11/07/2012 04:00:00 AM	3
11/07/2012 05:00:00 AM	5
11/07/2012 06:00:00 AM	34
11/07/2012 07:00:00 AM	77
11/07/2012 08:00:00 AM	115
11/07/2012 09:00:00 AM	63
11/07/2012 10:00:00 AM	42
11/07/2012 11:00:00 AM	24
11/07/2012 12:00:00 PM	36
11/07/2012 01:00:00 PM	30
11/07/2012 02:00:00 PM	45
11/07/2012 03:00:00 PM	72
11/07/2012 04:00:00 PM	139
11/07/2012 05:00:00 PM	275
11/07/2012 06:00:00 PM	171
11/07/2012 07:00:00 PM	66
11/07/2012 08:00:00 PM	44
11/07/2012 09:00:00 PM	26
11/07/2012 10:00:00 PM	23
11/07/2012 11:00:00 PM	9
11/08/2012 12:00:00 AM	1
11/08/2012 01:00:00 AM	3
11/08/2012 02:00:00 AM	3
11/08/2012 03:00:00 AM	4
11/08/2012 04:00:00 AM	3
11/08/2012 05:00:00 AM	9
11/08/2012 06:00:00 AM	46
11/08/2012 07:00:00 AM	76
11/08/2012 08:00:00 AM	94
11/08/2012 09:00:00 AM	76
11/08/2012 10:00:00 AM	34
11/08/2012 11:00:00 AM	32
11/08/2012 12:00:00 PM	31
11/08/2012 01:00:00 PM	35
11/08/2012 02:00:00 PM	35
11/08/2012 03:00:00 PM	59
11/08/2012 04:00:00 PM	162
11/08/2012 05:00:00 PM	290
11/08/2012 06:00:00 PM	169
11/08/2012 07:00:00 PM	79
11/08/2012 08:00:00 PM	39
11/08/2012 09:00:00 PM	29
11/08/2012 10:00:00 PM	14
11/08/2012 11:00:00 PM	13
11/09/2012 12:00:00 AM	8
11/09/2012 01:00:00 AM	3
11/09/2012 02:00:00 AM	1
11/09/2012 03:00:00 AM	2
11/09/2012 04:00:00 AM	2
11/09/2012 05:00:00 AM	4
11/09/2012 06:00:00 AM	40
11/09/2012 07:00:00 AM	65
11/09/2012 08:00:00 AM	97
11/09/2012 09:00:00 AM	53
11/09/2012 10:00:00 AM	39
11/09/2012 11:00:00 AM	28
11/09/2012 12:00:00 PM	20
11/09/2012 01:00:00 PM	45
11/09/2012 02:00:00 PM	48
11/09/2012 03:00:00 PM	87
11/09/2012 04:00:00 PM	131
11/09/2012 05:00:00 PM	225
11/09/2012 06:00:00 PM	142
11/09/2012 07:00:00 PM	58
11/09/2012 08:00:00 PM	25
11/09/2012 09:00:00 PM	12
11/09/2012 10:00:00 PM	12
11/09/2012 11:00:00 PM	8
11/10/2012 12:00:00 AM	15
11/10/2012 01:00:00 AM	4
11/10/2012 02:00:00 AM	6
11/10/2012 03:00:00 AM	2
11/10/2012 04:00:00 AM	2
11/10/2012 05:00:00 AM	5
11/10/2012 06:00:00 AM	9
11/10/2012 07:00:00 AM	13
11/10/2012 08:00:00 AM	19
11/10/2012 09:00:00 AM	24
11/10/2012 10:00:00 AM	39
11/10/2012 11:00:00 AM	33
11/10/2012 12:00:00 PM	63
11/10/2012 01:00:00 PM	54
11/10/2012 02:00:00 PM	73
11/10/2012 03:00:00 PM	41
11/10/2012 04:00:00 PM	58
11/10/2012 05:00:00 PM	37
11/10/2012 06:00:00 PM	30
11/10/2012 07:00:00 PM	13
11/10/2012 08:00:00 PM	14
11/10/2012 09:00:00 PM	8
11/10/2012 10:00:00 PM	10
11/10/2012 11:00:00 PM	12
11/11/2012 12:00:00 AM	3
11/11/2012 01:00:00 AM	4
11/11/2012 02:00:00 AM	8
11/11/2012 03:00:00 AM	1
11/11/2012 04:00:00 AM	0
11/11/2012 05:00:00 AM	3
11/11/2012 06:00:00 AM	11
11/11/2012 07:00:00 AM	10
11/11/2012 08:00:00 AM	15
11/11/2012 09:00:00 AM	30
11/11/2012 10:00:00 AM	14
11/11/2012 11:00:00 AM	30
11/11/2012 12:00:00 PM	24
11/11/2012 01:00:00 PM	23
11/11/2012 02:00:00 PM	32
11/11/2012 03:00:00 PM	16
11/11/2012 04:00:00 PM	12
11/11/2012 05:00:00 PM	20
11/11/2012 06:00:00 PM	14
11/11/2012 07:00:00 PM	6
11/11/2012 08:00:00 PM	6
11/11/2012 09:00:00 PM	8
11/11/2012 10:00:00 PM	3
11/11/2012 11:00:00 PM	8
11/12/2012 12:00:00 AM	0
11/12/2012 01:00:00 AM	0
11/12/2012 02:00:00 AM	2
11/12/2012 03:00:00 AM	1
11/12/2012 04:00:00 AM	1
11/12/2012 05:00:00 AM	2
11/12/2012 06:00:00 AM	19
11/12/2012 07:00:00 AM	42
11/12/2012 08:00:00 AM	65
11/12/2012 09:00:00 AM	54
11/12/2012 10:00:00 AM	21
11/12/2012 11:00:00 AM	18
11/12/2012 12:00:00 PM	15
11/12/2012 01:00:00 PM	18
11/12/2012 02:00:00 PM	26
11/12/2012 03:00:00 PM	44
11/12/2012 04:00:00 PM	76
11/12/2012 05:00:00 PM	178
11/12/2012 06:00:00 PM	113
11/12/2012 07:00:00 PM	45
11/12/2012 08:00:00 PM	16
11/12/2012 09:00:00 PM	15
11/12/2012 10:00:00 PM	11
11/12/2012 11:00:00 PM	10
11/13/2012 12:00:00 AM	5
11/13/2012 01:00:00 AM	2
11/13/2012 02:00:00 AM	1
11/13/2012 03:00:00 AM	1
11/13/2012 04:00:00 AM	2
11/13/2012 05:00:00 AM	8
11/13/2012 06:00:00 AM	37
11/13/2012 07:00:00 AM	66
11/13/2012 08:00:00 AM	100
11/13/2012 09:00:00 AM	67
11/13/2012 10:00:00 AM	26
11/13/2012 11:00:00 AM	18
11/13/2012 12:00:00 PM	6
11/13/2012 01:00:00 PM	20
11/13/2012 02:00:00 PM	30
11/13/2012 03:00:00 PM	38
11/13/2012 04:00:00 PM	106
11/13/2012 05:00:00 PM	235
11/13/2012 06:00:00 PM	142
11/13/2012 07:00:00 PM	54
11/13/2012 08:00:00 PM	29
11/13/2012 09:00:00 PM	29
11/13/2012 10:00:00 PM	10
11/13/2012 11:00:00 PM	5
11/14/2012 12:00:00 AM	1
11/14/2012 01:00:00 AM	0
11/14/2012 02:00:00 AM	1
11/14/2012 03:00:00 AM	3
11/14/2012 04:00:00 AM	3
11/14/2012 05:00:00 AM	7
11/14/2012 06:00:00 AM	37
11/14/2012 07:00:00 AM	64
11/14/2012 08:00:00 AM	106
11/14/2012 09:00:00 AM	54
11/14/2012 10:00:00 AM	37
11/14/2012 11:00:00 AM	28
11/14/2012 12:00:00 PM	39
11/14/2012 01:00:00 PM	36
11/14/2012 02:00:00 PM	36
11/14/2012 03:00:00 PM	70
11/14/2012 04:00:00 PM	127
11/14/2012 05:00:00 PM	303
11/14/2012 06:00:00 PM	169
11/14/2012 07:00:00 PM	81
11/14/2012 08:00:00 PM	41
11/14/2012 09:00:00 PM	36
11/14/2012 10:00:00 PM	17
11/14/2012 11:00:00 PM	10
11/15/2012 12:00:00 AM	4
11/15/2012 01:00:00 AM	1
11/15/2012 02:00:00 AM	1
11/15/2012 03:00:00 AM	1
11/15/2012 04:00:00 AM	3
11/15/2012 05:00:00 AM	11
11/15/2012 06:00:00 AM	30
11/15/2012 07:00:00 AM	65
11/15/2012 08:00:00 AM	95
11/15/2012 09:00:00 AM	74
11/15/2012 10:00:00 AM	25
11/15/2012 11:00:00 AM	31
11/15/2012 12:00:00 PM	35
11/15/2012 01:00:00 PM	42
11/15/2012 02:00:00 PM	48
11/15/2012 03:00:00 PM	62
11/15/2012 04:00:00 PM	132
11/15/2012 05:00:00 PM	224
11/15/2012 06:00:00 PM	170
11/15/2012 07:00:00 PM	75
11/15/2012 08:00:00 PM	34
11/15/2012 09:00:00 PM	29
11/15/2012 10:00:00 PM	12
11/15/2012 11:00:00 PM	12
11/16/2012 12:00:00 AM	4
11/16/2012 01:00:00 AM	5
11/16/2012 02:00:00 AM	1
11/16/2012 03:00:00 AM	1
11/16/2012 04:00:00 AM	3
11/16/2012 05:00:00 AM	4
11/16/2012 06:00:00 AM	31
11/16/2012 07:00:00 AM	71
11/16/2012 08:00:00 AM	85
11/16/2012 09:00:00 AM	48
11/16/2012 10:00:00 AM	36
11/16/2012 11:00:00 AM	26
11/16/2012 12:00:00 PM	32
11/16/2012 01:00:00 PM	43
11/16/2012 02:00:00 PM	41
11/16/2012 03:00:00 PM	43
11/16/2012 04:00:00 PM	87
11/16/2012 05:00:00 PM	182
11/16/2012 06:00:00 PM	106
11/16/2012 07:00:00 PM	59
11/16/2012 08:00:00 PM	30
11/16/2012 09:00:00 PM	14
11/16/2012 10:00:00 PM	18
11/16/2012 11:00:00 PM	13
11/17/2012 12:00:00 AM	10
11/17/2012 01:00:00 AM	4
11/17/2012 02:00:00 AM	1
11/17/2012 03:00:00 AM	1
11/17/2012 04:00:00 AM	1
11/17/2012 05:00:00 AM	1
11/17/2012 06:00:00 AM	8
11/17/2012 07:00:00 AM	12
11/17/2012 08:00:00 AM	13
11/17/2012 09:00:00 AM	21
11/17/2012 10:00:00 AM	21
11/17/2012 11:00:00 AM	30
11/17/2012 12:00:00 PM	25
11/17/2012 01:00:00 PM	21
11/17/2012 02:00:00 PM	22
11/17/2012 03:00:00 PM	17
11/17/2012 04:00:00 PM	20
11/17/2012 05:00:00 PM	10
11/17/2012 06:00:00 PM	14
11/17/2012 07:00:00 PM	7
11/17/2012 08:00:00 PM	13
11/17/2012 09:00:00 PM	4
11/17/2012 10:00:00 PM	7
11/17/2012 11:00:00 PM	9
11/18/2012 12:00:00 AM	5
11/18/2012 01:00:00 AM	2
11/18/2012 02:00:00 AM	2
11/18/2012 03:00:00 AM	2
11/18/2012 04:00:00 AM	1
11/18/2012 05:00:00 AM	0
11/18/2012 06:00:00 AM	3
11/18/2012 07:00:00 AM	9
11/18/2012 08:00:00 AM	10
11/18/2012 09:00:00 AM	12
11/18/2012 10:00:00 AM	4
11/18/2012 11:00:00 AM	10
11/18/2012 12:00:00 PM	11
11/18/2012 01:00:00 PM	15
11/18/2012 02:00:00 PM	17
11/18/2012 03:00:00 PM	10
11/18/2012 04:00:00 PM	10
11/18/2012 05:00:00 PM	7
11/18/2012 06:00:00 PM	6
11/18/2012 07:00:00 PM	4
11/18/2012 08:00:00 PM	9
11/18/2012 09:00:00 PM	4
11/18/2012 10:00:00 PM	9
11/18/2012 11:00:00 PM	11
11/19/2012 12:00:00 AM	0
11/19/2012 01:00:00 AM	5
11/19/2012 02:00:00 AM	1
11/19/2012 03:00:00 AM	2
11/19/2012 04:00:00 AM	4
11/19/2012 05:00:00 AM	3
11/19/2012 06:00:00 AM	13
11/19/2012 07:00:00 AM	27
11/19/2012 08:00:00 AM	49
11/19/2012 09:00:00 AM	27
11/19/2012 10:00:00 AM	12
11/19/2012 11:00:00 AM	5
11/19/2012 12:00:00 PM	9
11/19/2012 01:00:00 PM	3
11/19/2012 02:00:00 PM	19
11/19/2012 03:00:00 PM	30
11/19/2012 04:00:00 PM	49
11/19/2012 05:00:00 PM	113
11/19/2012 06:00:00 PM	54
11/19/2012 07:00:00 PM	38
11/19/2012 08:00:00 PM	11
11/19/2012 09:00:00 PM	9
11/19/2012 10:00:00 PM	6
11/19/2012 11:00:00 PM	3
11/20/2012 12:00:00 AM	5
11/20/2012 01:00:00 AM	0
11/20/2012 02:00:00 AM	0
11/20/2012 03:00:00 AM	2
11/20/2012 04:00:00 AM	1
11/20/2012 05:00:00 AM	4
11/20/2012 06:00:00 AM	28
11/20/2012 07:00:00 AM	54
11/20/2012 08:00:00 AM	79
11/20/2012 09:00:00 AM	53
11/20/2012 10:00:00 AM	26
11/20/2012 11:00:00 AM	12
11/20/2012 12:00:00 PM	14
11/20/2012 01:00:00 PM	18
11/20/2012 02:00:00 PM	17
11/20/2012 03:00:00 PM	47
11/20/2012 04:00:00 PM	72
11/20/2012 05:00:00 PM	205
11/20/2012 06:00:00 PM	130
11/20/2012 07:00:00 PM	40
11/20/2012 08:00:00 PM	19
11/20/2012 09:00:00 PM	16
11/20/2012 10:00:00 PM	12
11/20/2012 11:00:00 PM	3
11/21/2012 12:00:00 AM	6
11/21/2012 01:00:00 AM	1
11/21/2012 02:00:00 AM	1
11/21/2012 03:00:00 AM	1
11/21/2012 04:00:00 AM	1
11/21/2012 05:00:00 AM	3
11/21/2012 06:00:00 AM	15
11/21/2012 07:00:00 AM	36
11/21/2012 08:00:00 AM	58
11/21/2012 09:00:00 AM	33
11/21/2012 10:00:00 AM	41
11/21/2012 11:00:00 AM	13
11/21/2012 12:00:00 PM	16
11/21/2012 01:00:00 PM	45
11/21/2012 02:00:00 PM	40
11/21/2012 03:00:00 PM	62
11/21/2012 04:00:00 PM	97
11/21/2012 05:00:00 PM	95
11/21/2012 06:00:00 PM	61
11/21/2012 07:00:00 PM	20
11/21/2012 08:00:00 PM	30
11/21/2012 09:00:00 PM	12
11/21/2012 10:00:00 PM	10
11/21/2012 11:00:00 PM	5
11/22/2012 12:00:00 AM	3
11/22/2012 01:00:00 AM	1
11/22/2012 02:00:00 AM	1
11/22/2012 03:00:00 AM	1
11/22/2012 04:00:00 AM	0
11/22/2012 05:00:00 AM	3
11/22/2012 06:00:00 AM	3
11/22/2012 07:00:00 AM	5
11/22/2012 08:00:00 AM	10
11/22/2012 09:00:00 AM	22
11/22/2012 10:00:00 AM	25
11/22/2012 11:00:00 AM	40
11/22/2012 12:00:00 PM	29
11/22/2012 01:00:00 PM	21
11/22/2012 02:00:00 PM	18
11/22/2012 03:00:00 PM	14
11/22/2012 04:00:00 PM	9
11/22/2012 05:00:00 PM	2
11/22/2012 06:00:00 PM	2
11/22/2012 07:00:00 PM	6
11/22/2012 08:00:00 PM	5
11/22/2012 09:00:00 PM	1
11/22/2012 10:00:00 PM	4
11/22/2012 11:00:00 PM	4
11/23/2012 12:00:00 AM	3
11/23/2012 01:00:00 AM	0
11/23/2012 02:00:00 AM	1
11/23/2012 03:00:00 AM	0
11/23/2012 04:00:00 AM	2
11/23/2012 05:00:00 AM	4
11/23/2012 06:00:00 AM	7
11/23/2012 07:00:00 AM	7
11/23/2012 08:00:00 AM	11
11/23/2012 09:00:00 AM	6
11/23/2012 10:00:00 AM	16
11/23/2012 11:00:00 AM	10
11/23/2012 12:00:00 PM	10
11/23/2012 01:00:00 PM	10
11/23/2012 02:00:00 PM	15
11/23/2012 03:00:00 PM	9
11/23/2012 04:00:00 PM	15
11/23/2012 05:00:00 PM	23
11/23/2012 06:00:00 PM	8
11/23/2012 07:00:00 PM	9
11/23/2012 08:00:00 PM	8
11/23/2012 09:00:00 PM	0
11/23/2012 10:00:00 PM	5
11/23/2012 11:00:00 PM	8
11/24/2012 12:00:00 AM	2
11/24/2012 01:00:00 AM	1
11/24/2012 02:00:00 AM	1
11/24/2012 03:00:00 AM	0
11/24/2012 04:00:00 AM	1
11/24/2012 05:00:00 AM	1
11/24/2012 06:00:00 AM	8
11/24/2012 07:00:00 AM	6
11/24/2012 08:00:00 AM	13
11/24/2012 09:00:00 AM	20
11/24/2012 10:00:00 AM	21
11/24/2012 11:00:00 AM	28
11/24/2012 12:00:00 PM	43
11/24/2012 01:00:00 PM	21
11/24/2012 02:00:00 PM	61
11/24/2012 03:00:00 PM	61
11/24/2012 04:00:00 PM	31
11/24/2012 05:00:00 PM	14
11/24/2012 06:00:00 PM	21
11/24/2012 07:00:00 PM	15
11/24/2012 08:00:00 PM	10
11/24/2012 09:00:00 PM	8
11/24/2012 10:00:00 PM	7
11/24/2012 11:00:00 PM	3
11/25/2012 12:00:00 AM	3
11/25/2012 01:00:00 AM	6
11/25/2012 02:00:00 AM	0
11/25/2012 03:00:00 AM	2
11/25/2012 04:00:00 AM	2
11/25/2012 05:00:00 AM	0
11/25/2012 06:00:00 AM	4
11/25/2012 07:00:00 AM	9
11/25/2012 08:00:00 AM	14
11/25/2012 09:00:00 AM	17
11/25/2012 10:00:00 AM	23
11/25/2012 11:00:00 AM	34
11/25/2012 12:00:00 PM	34
11/25/2012 01:00:00 PM	62
11/25/2012 02:00:00 PM	65
11/25/2012 03:00:00 PM	55
11/25/2012 04:00:00 PM	44
11/25/2012 05:00:00 PM	22
11/25/2012 06:00:00 PM	14
11/25/2012 07:00:00 PM	14
11/25/2012 08:00:00 PM	9
11/25/2012 09:00:00 PM	10
11/25/2012 10:00:00 PM	4
11/25/2012 11:00:00 PM	5
11/26/2012 12:00:00 AM	1
11/26/2012 01:00:00 AM	3
11/26/2012 02:00:00 AM	0
11/26/2012 03:00:00 AM	1
11/26/2012 04:00:00 AM	3
11/26/2012 05:00:00 AM	6
11/26/2012 06:00:00 AM	33
11/26/2012 07:00:00 AM	56
11/26/2012 08:00:00 AM	99
11/26/2012 09:00:00 AM	66
11/26/2012 10:00:00 AM	43
11/26/2012 11:00:00 AM	15
11/26/2012 12:00:00 PM	30
11/26/2012 01:00:00 PM	35
11/26/2012 02:00:00 PM	50
11/26/2012 03:00:00 PM	68
11/26/2012 04:00:00 PM	120
11/26/2012 05:00:00 PM	250
11/26/2012 06:00:00 PM	150
11/26/2012 07:00:00 PM	52
11/26/2012 08:00:00 PM	48
11/26/2012 09:00:00 PM	20
11/26/2012 10:00:00 PM	23
11/26/2012 11:00:00 PM	6
11/27/2012 12:00:00 AM	4
11/27/2012 01:00:00 AM	4
11/27/2012 02:00:00 AM	1
11/27/2012 03:00:00 AM	1
11/27/2012 04:00:00 AM	3
11/27/2012 05:00:00 AM	10
11/27/2012 06:00:00 AM	31
11/27/2012 07:00:00 AM	64
11/27/2012 08:00:00 AM	103
11/27/2012 09:00:00 AM	63
11/27/2012 10:00:00 AM	29
11/27/2012 11:00:00 AM	25
11/27/2012 12:00:00 PM	18
11/27/2012 01:00:00 PM	36
11/27/2012 02:00:00 PM	53
11/27/2012 03:00:00 PM	65
11/27/2012 04:00:00 PM	129
11/27/2012 05:00:00 PM	277
11/27/2012 06:00:00 PM	183
11/27/2012 07:00:00 PM	61
11/27/2012 08:00:00 PM	37
11/27/2012 09:00:00 PM	21
11/27/2012 10:00:00 PM	17
11/27/2012 11:00:00 PM	11
11/28/2012 12:00:00 AM	5
11/28/2012 01:00:00 AM	0
11/28/2012 02:00:00 AM	1
11/28/2012 03:00:00 AM	2
11/28/2012 04:00:00 AM	1
11/28/2012 05:00:00 AM	4
11/28/2012 06:00:00 AM	29
11/28/2012 07:00:00 AM	61
11/28/2012 08:00:00 AM	105
11/28/2012 09:00:00 AM	58
11/28/2012 10:00:00 AM	33
11/28/2012 11:00:00 AM	22
11/28/2012 12:00:00 PM	23
11/28/2012 01:00:00 PM	31
11/28/2012 02:00:00 PM	16
11/28/2012 03:00:00 PM	36
11/28/2012 04:00:00 PM	83
11/28/2012 05:00:00 PM	225
11/28/2012 06:00:00 PM	139
11/28/2012 07:00:00 PM	75
11/28/2012 08:00:00 PM	26
11/28/2012 09:00:00 PM	16
11/28/2012 10:00:00 PM	14
11/28/2012 11:00:00 PM	7
11/29/2012 12:00:00 AM	1
11/29/2012 01:00:00 AM	0
11/29/2012 02:00:00 AM	0
11/29/2012 03:00:00 AM	2
11/29/2012 04:00:00 AM	1
11/29/2012 05:00:00 AM	6
11/29/2012 06:00:00 AM	27
11/29/2012 07:00:00 AM	49
11/29/2012 08:00:00 AM	90
11/29/2012 09:00:00 AM	48
11/29/2012 10:00:00 AM	29
11/29/2012 11:00:00 AM	18
11/29/2012 12:00:00 PM	17
11/29/2012 01:00:00 PM	14
11/29/2012 02:00:00 PM	18
11/29/2012 03:00:00 PM	46
11/29/2012 04:00:00 PM	85
11/29/2012 05:00:00 PM	190
11/29/2012 06:00:00 PM	118
11/29/2012 07:00:00 PM	59
11/29/2012 08:00:00 PM	23
11/29/2012 09:00:00 PM	21
11/29/2012 10:00:00 PM	17
11/29/2012 11:00:00 PM	11
11/30/2012 12:00:00 AM	2
11/30/2012 01:00:00 AM	1
11/30/2012 02:00:00 AM	1
11/30/2012 03:00:00 AM	1
11/30/2012 04:00:00 AM	2
11/30/2012 05:00:00 AM	5
11/30/2012 06:00:00 AM	27
11/30/2012 07:00:00 AM	50
11/30/2012 08:00:00 AM	81
11/30/2012 09:00:00 AM	57
11/30/2012 10:00:00 AM	32
11/30/2012 11:00:00 AM	22
11/30/2012 12:00:00 PM	20
11/30/2012 01:00:00 PM	17
11/30/2012 02:00:00 PM	25
11/30/2012 03:00:00 PM	31
11/30/2012 04:00:00 PM	92
11/30/2012 05:00:00 PM	167
11/30/2012 06:00:00 PM	93
11/30/2012 07:00:00 PM	39
11/30/2012 08:00:00 PM	20
11/30/2012 09:00:00 PM	3
11/30/2012 10:00:00 PM	3
11/30/2012 11:00:00 PM	13
12/01/2012 12:00:00 AM	8
12/01/2012 01:00:00 AM	3
12/01/2012 02:00:00 AM	2
12/01/2012 03:00:00 AM	0
12/01/2012 04:00:00 AM	1
12/01/2012 05:00:00 AM	2
12/01/2012 06:00:00 AM	7
12/01/2012 07:00:00 AM	8
12/01/2012 08:00:00 AM	20
12/01/2012 09:00:00 AM	22
12/01/2012 10:00:00 AM	25
12/01/2012 11:00:00 AM	17
12/01/2012 12:00:00 PM	28
12/01/2012 01:00:00 PM	22
12/01/2012 02:00:00 PM	16
12/01/2012 03:00:00 PM	23
12/01/2012 04:00:00 PM	13
12/01/2012 05:00:00 PM	25
12/01/2012 06:00:00 PM	16
12/01/2012 07:00:00 PM	13
12/01/2012 08:00:00 PM	7
12/01/2012 09:00:00 PM	6
12/01/2012 10:00:00 PM	6
12/01/2012 11:00:00 PM	6
12/02/2012 12:00:00 AM	7
12/02/2012 01:00:00 AM	2
12/02/2012 02:00:00 AM	2
12/02/2012 03:00:00 AM	0
12/02/2012 04:00:00 AM	0
12/02/2012 05:00:00 AM	4
12/02/2012 06:00:00 AM	7
12/02/2012 07:00:00 AM	9
12/02/2012 08:00:00 AM	12
12/02/2012 09:00:00 AM	16
12/02/2012 10:00:00 AM	16
12/02/2012 11:00:00 AM	18
12/02/2012 12:00:00 PM	31
12/02/2012 01:00:00 PM	15
12/02/2012 02:00:00 PM	16
12/02/2012 03:00:00 PM	16
12/02/2012 04:00:00 PM	16
12/02/2012 05:00:00 PM	5
12/02/2012 06:00:00 PM	9
12/02/2012 07:00:00 PM	11
12/02/2012 08:00:00 PM	7
12/02/2012 09:00:00 PM	6
12/02/2012 10:00:00 PM	5
12/02/2012 11:00:00 PM	3
12/03/2012 12:00:00 AM	1
12/03/2012 01:00:00 AM	3
12/03/2012 02:00:00 AM	1
12/03/2012 03:00:00 AM	1
12/03/2012 04:00:00 AM	1
12/03/2012 05:00:00 AM	3
12/03/2012 06:00:00 AM	29
12/03/2012 07:00:00 AM	64
12/03/2012 08:00:00 AM	100
12/03/2012 09:00:00 AM	46
12/03/2012 10:00:00 AM	23
12/03/2012 11:00:00 AM	23
12/03/2012 12:00:00 PM	22
12/03/2012 01:00:00 PM	18
12/03/2012 02:00:00 PM	20
12/03/2012 03:00:00 PM	33
12/03/2012 04:00:00 PM	83
12/03/2012 05:00:00 PM	215
12/03/2012 06:00:00 PM	140
12/03/2012 07:00:00 PM	62
12/03/2012 08:00:00 PM	21
12/03/2012 09:00:00 PM	15
12/03/2012 10:00:00 PM	6
12/03/2012 11:00:00 PM	6
12/04/2012 12:00:00 AM	3
12/04/2012 01:00:00 AM	3
12/04/2012 02:00:00 AM	3
12/04/2012 03:00:00 AM	1
12/04/2012 04:00:00 AM	3
12/04/2012 05:00:00 AM	9
12/04/2012 06:00:00 AM	27
12/04/2012 07:00:00 AM	54
12/04/2012 08:00:00 AM	111
12/04/2012 09:00:00 AM	66
12/04/2012 10:00:00 AM	26
12/04/2012 11:00:00 AM	14
12/04/2012 12:00:00 PM	26
12/04/2012 01:00:00 PM	24
12/04/2012 02:00:00 PM	23
12/04/2012 03:00:00 PM	36
12/04/2012 04:00:00 PM	85
12/04/2012 05:00:00 PM	228
12/04/2012 06:00:00 PM	124
12/04/2012 07:00:00 PM	45
12/04/2012 08:00:00 PM	32
12/04/2012 09:00:00 PM	20
12/04/2012 10:00:00 PM	14
12/04/2012 11:00:00 PM	13
12/05/2012 12:00:00 AM	6
12/05/2012 01:00:00 AM	1
12/05/2012 02:00:00 AM	1
12/05/2012 03:00:00 AM	2
12/05/2012 04:00:00 AM	1
12/05/2012 05:00:00 AM	4
12/05/2012 06:00:00 AM	25
12/05/2012 07:00:00 AM	61
12/05/2012 08:00:00 AM	95
12/05/2012 09:00:00 AM	69
12/05/2012 10:00:00 AM	25
12/05/2012 11:00:00 AM	26
12/05/2012 12:00:00 PM	30
12/05/2012 01:00:00 PM	37
12/05/2012 02:00:00 PM	33
12/05/2012 03:00:00 PM	52
12/05/2012 04:00:00 PM	96
12/05/2012 05:00:00 PM	225
12/05/2012 06:00:00 PM	175
12/05/2012 07:00:00 PM	82
12/05/2012 08:00:00 PM	32
12/05/2012 09:00:00 PM	21
12/05/2012 10:00:00 PM	14
12/05/2012 11:00:00 PM	7
12/06/2012 12:00:00 AM	2
12/06/2012 01:00:00 AM	3
12/06/2012 02:00:00 AM	1
12/06/2012 03:00:00 AM	2
12/06/2012 04:00:00 AM	3
12/06/2012 05:00:00 AM	9
12/06/2012 06:00:00 AM	31
12/06/2012 07:00:00 AM	46
12/06/2012 08:00:00 AM	87
12/06/2012 09:00:00 AM	60
12/06/2012 10:00:00 AM	20
12/06/2012 11:00:00 AM	12
12/06/2012 12:00:00 PM	20
12/06/2012 01:00:00 PM	24
12/06/2012 02:00:00 PM	23
12/06/2012 03:00:00 PM	37
12/06/2012 04:00:00 PM	115
12/06/2012 05:00:00 PM	188
12/06/2012 06:00:00 PM	108
12/06/2012 07:00:00 PM	60
12/06/2012 08:00:00 PM	32
12/06/2012 09:00:00 PM	21
12/06/2012 10:00:00 PM	16
12/06/2012 11:00:00 PM	4
12/07/2012 12:00:00 AM	6
12/07/2012 01:00:00 AM	7
12/07/2012 02:00:00 AM	0
12/07/2012 03:00:00 AM	1
12/07/2012 04:00:00 AM	3
12/07/2012 05:00:00 AM	5
12/07/2012 06:00:00 AM	29
12/07/2012 07:00:00 AM	40
12/07/2012 08:00:00 AM	70
12/07/2012 09:00:00 AM	53
12/07/2012 10:00:00 AM	41
12/07/2012 11:00:00 AM	18
12/07/2012 12:00:00 PM	23
12/07/2012 01:00:00 PM	25
12/07/2012 02:00:00 PM	31
12/07/2012 03:00:00 PM	36
12/07/2012 04:00:00 PM	111
12/07/2012 05:00:00 PM	182
12/07/2012 06:00:00 PM	108
12/07/2012 07:00:00 PM	47
12/07/2012 08:00:00 PM	29
12/07/2012 09:00:00 PM	16
12/07/2012 10:00:00 PM	15
12/07/2012 11:00:00 PM	14
12/08/2012 12:00:00 AM	9
12/08/2012 01:00:00 AM	2
12/08/2012 02:00:00 AM	3
12/08/2012 03:00:00 AM	0
12/08/2012 04:00:00 AM	0
12/08/2012 05:00:00 AM	2
12/08/2012 06:00:00 AM	7
12/08/2012 07:00:00 AM	11
12/08/2012 08:00:00 AM	17
12/08/2012 09:00:00 AM	23
12/08/2012 10:00:00 AM	15
12/08/2012 11:00:00 AM	29
12/08/2012 12:00:00 PM	33
12/08/2012 01:00:00 PM	25
12/08/2012 02:00:00 PM	35
12/08/2012 03:00:00 PM	47
12/08/2012 04:00:00 PM	34
12/08/2012 05:00:00 PM	38
12/08/2012 06:00:00 PM	21
12/08/2012 07:00:00 PM	10
12/08/2012 08:00:00 PM	11
12/08/2012 09:00:00 PM	15
12/08/2012 10:00:00 PM	6
12/08/2012 11:00:00 PM	10
12/09/2012 12:00:00 AM	4
12/09/2012 01:00:00 AM	3
12/09/2012 02:00:00 AM	4
12/09/2012 03:00:00 AM	5
12/09/2012 04:00:00 AM	1
12/09/2012 05:00:00 AM	1
12/09/2012 06:00:00 AM	5
12/09/2012 07:00:00 AM	10
12/09/2012 08:00:00 AM	15
12/09/2012 09:00:00 AM	14
12/09/2012 10:00:00 AM	15
12/09/2012 11:00:00 AM	6
12/09/2012 12:00:00 PM	15
12/09/2012 01:00:00 PM	15
12/09/2012 02:00:00 PM	13
12/09/2012 03:00:00 PM	18
12/09/2012 04:00:00 PM	17
12/09/2012 05:00:00 PM	14
12/09/2012 06:00:00 PM	11
12/09/2012 07:00:00 PM	6
12/09/2012 08:00:00 PM	4
12/09/2012 09:00:00 PM	6
12/09/2012 10:00:00 PM	1
12/09/2012 11:00:00 PM	2
12/10/2012 12:00:00 AM	4
12/10/2012 01:00:00 AM	2
12/10/2012 02:00:00 AM	0
12/10/2012 03:00:00 AM	1
12/10/2012 04:00:00 AM	2
12/10/2012 05:00:00 AM	10
12/10/2012 06:00:00 AM	26
12/10/2012 07:00:00 AM	94
12/10/2012 08:00:00 AM	92
12/10/2012 09:00:00 AM	51
12/10/2012 10:00:00 AM	25
12/10/2012 11:00:00 AM	22
12/10/2012 12:00:00 PM	20
12/10/2012 01:00:00 PM	28
12/10/2012 02:00:00 PM	33
12/10/2012 03:00:00 PM	48
12/10/2012 04:00:00 PM	89
12/10/2012 05:00:00 PM	245
12/10/2012 06:00:00 PM	161
12/10/2012 07:00:00 PM	58
12/10/2012 08:00:00 PM	35
12/10/2012 09:00:00 PM	31
12/10/2012 10:00:00 PM	10
12/10/2012 11:00:00 PM	5
12/11/2012 12:00:00 AM	8
12/11/2012 01:00:00 AM	1
12/11/2012 02:00:00 AM	0
12/11/2012 03:00:00 AM	3
12/11/2012 04:00:00 AM	3
12/11/2012 05:00:00 AM	6
12/11/2012 06:00:00 AM	30
12/11/2012 07:00:00 AM	50
12/11/2012 08:00:00 AM	98
12/11/2012 09:00:00 AM	46
12/11/2012 10:00:00 AM	25
12/11/2012 11:00:00 AM	14
12/11/2012 12:00:00 PM	15
12/11/2012 01:00:00 PM	26
12/11/2012 02:00:00 PM	26
12/11/2012 03:00:00 PM	40
12/11/2012 04:00:00 PM	75
12/11/2012 05:00:00 PM	232
12/11/2012 06:00:00 PM	133
12/11/2012 07:00:00 PM	55
12/11/2012 08:00:00 PM	28
12/11/2012 09:00:00 PM	23
12/11/2012 10:00:00 PM	9
12/11/2012 11:00:00 PM	5
12/12/2012 12:00:00 AM	7
12/12/2012 01:00:00 AM	1
12/12/2012 02:00:00 AM	0
12/12/2012 03:00:00 AM	1
12/12/2012 04:00:00 AM	2
12/12/2012 05:00:00 AM	4
12/12/2012 06:00:00 AM	28
12/12/2012 07:00:00 AM	44
12/12/2012 08:00:00 AM	74
12/12/2012 09:00:00 AM	60
12/12/2012 10:00:00 AM	12
12/12/2012 11:00:00 AM	11
12/12/2012 12:00:00 PM	15
12/12/2012 01:00:00 PM	16
12/12/2012 02:00:00 PM	33
12/12/2012 03:00:00 PM	48
12/12/2012 04:00:00 PM	84
12/12/2012 05:00:00 PM	210
12/12/2012 06:00:00 PM	137
12/12/2012 07:00:00 PM	51
12/12/2012 08:00:00 PM	40
12/12/2012 09:00:00 PM	27
12/12/2012 10:00:00 PM	19
12/12/2012 11:00:00 PM	5
12/13/2012 12:00:00 AM	3
12/13/2012 01:00:00 AM	3
12/13/2012 02:00:00 AM	5
12/13/2012 03:00:00 AM	1
12/13/2012 04:00:00 AM	3
12/13/2012 05:00:00 AM	6
12/13/2012 06:00:00 AM	27
12/13/2012 07:00:00 AM	46
12/13/2012 08:00:00 AM	96
12/13/2012 09:00:00 AM	48
12/13/2012 10:00:00 AM	24
12/13/2012 11:00:00 AM	29
12/13/2012 12:00:00 PM	24
12/13/2012 01:00:00 PM	28
12/13/2012 02:00:00 PM	32
12/13/2012 03:00:00 PM	46
12/13/2012 04:00:00 PM	102
12/13/2012 05:00:00 PM	206
12/13/2012 06:00:00 PM	97
12/13/2012 07:00:00 PM	72
12/13/2012 08:00:00 PM	29
12/13/2012 09:00:00 PM	22
12/13/2012 10:00:00 PM	8
12/13/2012 11:00:00 PM	9
12/14/2012 12:00:00 AM	4
12/14/2012 01:00:00 AM	2
12/14/2012 02:00:00 AM	1
12/14/2012 03:00:00 AM	2
12/14/2012 04:00:00 AM	3
12/14/2012 05:00:00 AM	5
12/14/2012 06:00:00 AM	19
12/14/2012 07:00:00 AM	37
12/14/2012 08:00:00 AM	65
12/14/2012 09:00:00 AM	48
12/14/2012 10:00:00 AM	20
12/14/2012 11:00:00 AM	21
12/14/2012 12:00:00 PM	21
12/14/2012 01:00:00 PM	24
12/14/2012 02:00:00 PM	30
12/14/2012 03:00:00 PM	55
12/14/2012 04:00:00 PM	104
12/14/2012 05:00:00 PM	163
12/14/2012 06:00:00 PM	97
12/14/2012 07:00:00 PM	46
12/14/2012 08:00:00 PM	16
12/14/2012 09:00:00 PM	12
12/14/2012 10:00:00 PM	11
12/14/2012 11:00:00 PM	9
12/15/2012 12:00:00 AM	8
12/15/2012 01:00:00 AM	3
12/15/2012 02:00:00 AM	5
12/15/2012 03:00:00 AM	1
12/15/2012 04:00:00 AM	0
12/15/2012 05:00:00 AM	3
12/15/2012 06:00:00 AM	10
12/15/2012 07:00:00 AM	8
12/15/2012 08:00:00 AM	18
12/15/2012 09:00:00 AM	15
12/15/2012 10:00:00 AM	25
12/15/2012 11:00:00 AM	10
12/15/2012 12:00:00 PM	10
12/15/2012 01:00:00 PM	8
12/15/2012 02:00:00 PM	15
12/15/2012 03:00:00 PM	12
12/15/2012 04:00:00 PM	7
12/15/2012 05:00:00 PM	10
12/15/2012 06:00:00 PM	9
12/15/2012 07:00:00 PM	13
12/15/2012 08:00:00 PM	5
12/15/2012 09:00:00 PM	6
12/15/2012 10:00:00 PM	3
12/15/2012 11:00:00 PM	1
12/16/2012 12:00:00 AM	4
12/16/2012 01:00:00 AM	2
12/16/2012 02:00:00 AM	3
12/16/2012 03:00:00 AM	2
12/16/2012 04:00:00 AM	1
12/16/2012 05:00:00 AM	1
12/16/2012 06:00:00 AM	6
12/16/2012 07:00:00 AM	5
12/16/2012 08:00:00 AM	10
12/16/2012 09:00:00 AM	12
12/16/2012 10:00:00 AM	12
12/16/2012 11:00:00 AM	14
12/16/2012 12:00:00 PM	8
12/16/2012 01:00:00 PM	12
12/16/2012 02:00:00 PM	9
12/16/2012 03:00:00 PM	9
12/16/2012 04:00:00 PM	12
12/16/2012 05:00:00 PM	5
12/16/2012 06:00:00 PM	2
12/16/2012 07:00:00 PM	8
12/16/2012 08:00:00 PM	3
12/16/2012 09:00:00 PM	3
12/16/2012 10:00:00 PM	5
12/16/2012 11:00:00 PM	1
12/17/2012 12:00:00 AM	1
12/17/2012 01:00:00 AM	0
12/17/2012 02:00:00 AM	5
12/17/2012 03:00:00 AM	1
12/17/2012 04:00:00 AM	2
12/17/2012 05:00:00 AM	3
12/17/2012 06:00:00 AM	13
12/17/2012 07:00:00 AM	30
12/17/2012 08:00:00 AM	62
12/17/2012 09:00:00 AM	36
12/17/2012 10:00:00 AM	17
12/17/2012 11:00:00 AM	13
12/17/2012 12:00:00 PM	14
12/17/2012 01:00:00 PM	16
12/17/2012 02:00:00 PM	36
12/17/2012 03:00:00 PM	31
12/17/2012 04:00:00 PM	83
12/17/2012 05:00:00 PM	152
12/17/2012 06:00:00 PM	109
12/17/2012 07:00:00 PM	66
12/17/2012 08:00:00 PM	18
12/17/2012 09:00:00 PM	19
12/17/2012 10:00:00 PM	11
12/17/2012 11:00:00 PM	7
12/18/2012 12:00:00 AM	8
12/18/2012 01:00:00 AM	3
12/18/2012 02:00:00 AM	1
12/18/2012 03:00:00 AM	2
12/18/2012 04:00:00 AM	1
12/18/2012 05:00:00 AM	9
12/18/2012 06:00:00 AM	15
12/18/2012 07:00:00 AM	48
12/18/2012 08:00:00 AM	96
12/18/2012 09:00:00 AM	44
12/18/2012 10:00:00 AM	17
12/18/2012 11:00:00 AM	17
12/18/2012 12:00:00 PM	17
12/18/2012 01:00:00 PM	21
12/18/2012 02:00:00 PM	16
12/18/2012 03:00:00 PM	52
12/18/2012 04:00:00 PM	59
12/18/2012 05:00:00 PM	193
12/18/2012 06:00:00 PM	118
12/18/2012 07:00:00 PM	49
12/18/2012 08:00:00 PM	25
12/18/2012 09:00:00 PM	13
12/18/2012 10:00:00 PM	12
12/18/2012 11:00:00 PM	4
12/19/2012 12:00:00 AM	4
12/19/2012 01:00:00 AM	1
12/19/2012 02:00:00 AM	2
12/19/2012 03:00:00 AM	1
12/19/2012 04:00:00 AM	3
12/19/2012 05:00:00 AM	3
12/19/2012 06:00:00 AM	18
12/19/2012 07:00:00 AM	34
12/19/2012 08:00:00 AM	52
12/19/2012 09:00:00 AM	29
12/19/2012 10:00:00 AM	15
12/19/2012 11:00:00 AM	10
12/19/2012 12:00:00 PM	11
12/19/2012 01:00:00 PM	15
12/19/2012 02:00:00 PM	10
12/19/2012 03:00:00 PM	25
12/19/2012 04:00:00 PM	40
12/19/2012 05:00:00 PM	100
12/19/2012 06:00:00 PM	86
12/19/2012 07:00:00 PM	39
12/19/2012 08:00:00 PM	11
12/19/2012 09:00:00 PM	6
12/19/2012 10:00:00 PM	5
12/19/2012 11:00:00 PM	4
12/20/2012 12:00:00 AM	0
12/20/2012 01:00:00 AM	0
12/20/2012 02:00:00 AM	0
12/20/2012 03:00:00 AM	1
12/20/2012 04:00:00 AM	2
12/20/2012 05:00:00 AM	3
12/20/2012 06:00:00 AM	23
12/20/2012 07:00:00 AM	32
12/20/2012 08:00:00 AM	56
12/20/2012 09:00:00 AM	27
12/20/2012 10:00:00 AM	9
12/20/2012 11:00:00 AM	13
12/20/2012 12:00:00 PM	3
12/20/2012 01:00:00 PM	6
12/20/2012 02:00:00 PM	12
12/20/2012 03:00:00 PM	27
12/20/2012 04:00:00 PM	55
12/20/2012 05:00:00 PM	114
12/20/2012 06:00:00 PM	81
12/20/2012 07:00:00 PM	31
12/20/2012 08:00:00 PM	27
12/20/2012 09:00:00 PM	12
12/20/2012 10:00:00 PM	10
12/20/2012 11:00:00 PM	7
12/21/2012 12:00:00 AM	2
12/21/2012 01:00:00 AM	0
12/21/2012 02:00:00 AM	1
12/21/2012 03:00:00 AM	1
12/21/2012 04:00:00 AM	2
12/21/2012 05:00:00 AM	3
12/21/2012 06:00:00 AM	12
12/21/2012 07:00:00 AM	36
12/21/2012 08:00:00 AM	51
12/21/2012 09:00:00 AM	36
12/21/2012 10:00:00 AM	12
12/21/2012 11:00:00 AM	13
12/21/2012 12:00:00 PM	14
12/21/2012 01:00:00 PM	13
12/21/2012 02:00:00 PM	42
12/21/2012 03:00:00 PM	61
12/21/2012 04:00:00 PM	75
12/21/2012 05:00:00 PM	112
12/21/2012 06:00:00 PM	69
12/21/2012 07:00:00 PM	26
12/21/2012 08:00:00 PM	18
12/21/2012 09:00:00 PM	11
12/21/2012 10:00:00 PM	10
12/21/2012 11:00:00 PM	7
12/22/2012 12:00:00 AM	6
12/22/2012 01:00:00 AM	0
12/22/2012 02:00:00 AM	1
12/22/2012 03:00:00 AM	3
12/22/2012 04:00:00 AM	1
12/22/2012 05:00:00 AM	0
12/22/2012 06:00:00 AM	5
12/22/2012 07:00:00 AM	5
12/22/2012 08:00:00 AM	13
12/22/2012 09:00:00 AM	12
12/22/2012 10:00:00 AM	11
12/22/2012 11:00:00 AM	18
12/22/2012 12:00:00 PM	17
12/22/2012 01:00:00 PM	24
12/22/2012 02:00:00 PM	18
12/22/2012 03:00:00 PM	29
12/22/2012 04:00:00 PM	17
12/22/2012 05:00:00 PM	12
12/22/2012 06:00:00 PM	9
12/22/2012 07:00:00 PM	10
12/22/2012 08:00:00 PM	9
12/22/2012 09:00:00 PM	3
12/22/2012 10:00:00 PM	3
12/22/2012 11:00:00 PM	4
12/23/2012 12:00:00 AM	5
12/23/2012 01:00:00 AM	1
12/23/2012 02:00:00 AM	2
12/23/2012 03:00:00 AM	0
12/23/2012 04:00:00 AM	1
12/23/2012 05:00:00 AM	0
12/23/2012 06:00:00 AM	6
12/23/2012 07:00:00 AM	8
12/23/2012 08:00:00 AM	7
12/23/2012 09:00:00 AM	5
12/23/2012 10:00:00 AM	13
12/23/2012 11:00:00 AM	16
12/23/2012 12:00:00 PM	10
12/23/2012 01:00:00 PM	19
12/23/2012 02:00:00 PM	16
12/23/2012 03:00:00 PM	17
12/23/2012 04:00:00 PM	12
12/23/2012 05:00:00 PM	12
12/23/2012 06:00:00 PM	5
12/23/2012 07:00:00 PM	8
12/23/2012 08:00:00 PM	6
12/23/2012 09:00:00 PM	6
12/23/2012 10:00:00 PM	5
12/23/2012 11:00:00 PM	8
12/24/2012 12:00:00 AM	4
12/24/2012 01:00:00 AM	2
12/24/2012 02:00:00 AM	1
12/24/2012 03:00:00 AM	1
12/24/2012 04:00:00 AM	1
12/24/2012 05:00:00 AM	1
12/24/2012 06:00:00 AM	8
12/24/2012 07:00:00 AM	15
12/24/2012 08:00:00 AM	11
12/24/2012 09:00:00 AM	16
12/24/2012 10:00:00 AM	12
12/24/2012 11:00:00 AM	11
12/24/2012 12:00:00 PM	19
12/24/2012 01:00:00 PM	22
12/24/2012 02:00:00 PM	28
12/24/2012 03:00:00 PM	38
12/24/2012 04:00:00 PM	30
12/24/2012 05:00:00 PM	12
12/24/2012 06:00:00 PM	15
12/24/2012 07:00:00 PM	12
12/24/2012 08:00:00 PM	5
12/24/2012 09:00:00 PM	0
12/24/2012 10:00:00 PM	2
12/24/2012 11:00:00 PM	4
12/25/2012 12:00:00 AM	1
12/25/2012 01:00:00 AM	0
12/25/2012 02:00:00 AM	0
12/25/2012 03:00:00 AM	1
12/25/2012 04:00:00 AM	0
12/25/2012 05:00:00 AM	0
12/25/2012 06:00:00 AM	1
12/25/2012 07:00:00 AM	2
12/25/2012 08:00:00 AM	1
12/25/2012 09:00:00 AM	5
12/25/2012 10:00:00 AM	2
12/25/2012 11:00:00 AM	3
12/25/2012 12:00:00 PM	3
12/25/2012 01:00:00 PM	8
12/25/2012 02:00:00 PM	4
12/25/2012 03:00:00 PM	1
12/25/2012 04:00:00 PM	5
12/25/2012 05:00:00 PM	5
12/25/2012 06:00:00 PM	1
12/25/2012 07:00:00 PM	1
12/25/2012 08:00:00 PM	0
12/25/2012 09:00:00 PM	3
12/25/2012 10:00:00 PM	0
12/25/2012 11:00:00 PM	1
12/26/2012 12:00:00 AM	1
12/26/2012 01:00:00 AM	0
12/26/2012 02:00:00 AM	0
12/26/2012 03:00:00 AM	1
12/26/2012 04:00:00 AM	1
12/26/2012 05:00:00 AM	2
12/26/2012 06:00:00 AM	10
12/26/2012 07:00:00 AM	23
12/26/2012 08:00:00 AM	37
12/26/2012 09:00:00 AM	20
12/26/2012 10:00:00 AM	13
12/26/2012 11:00:00 AM	8
12/26/2012 12:00:00 PM	23
12/26/2012 01:00:00 PM	14
12/26/2012 02:00:00 PM	17
12/26/2012 03:00:00 PM	36
12/26/2012 04:00:00 PM	52
12/26/2012 05:00:00 PM	66
12/26/2012 06:00:00 PM	52
12/26/2012 07:00:00 PM	14
12/26/2012 08:00:00 PM	12
12/26/2012 09:00:00 PM	8
12/26/2012 10:00:00 PM	4
12/26/2012 11:00:00 PM	1
12/27/2012 12:00:00 AM	2
12/27/2012 01:00:00 AM	2
12/27/2012 02:00:00 AM	0
12/27/2012 03:00:00 AM	0
12/27/2012 04:00:00 AM	5
12/27/2012 05:00:00 AM	5
12/27/2012 06:00:00 AM	17
12/27/2012 07:00:00 AM	31
12/27/2012 08:00:00 AM	42
12/27/2012 09:00:00 AM	21
12/27/2012 10:00:00 AM	22
12/27/2012 11:00:00 AM	9
12/27/2012 12:00:00 PM	12
12/27/2012 01:00:00 PM	22
12/27/2012 02:00:00 PM	26
12/27/2012 03:00:00 PM	45
12/27/2012 04:00:00 PM	77
12/27/2012 05:00:00 PM	105
12/27/2012 06:00:00 PM	55
12/27/2012 07:00:00 PM	47
12/27/2012 08:00:00 PM	10
12/27/2012 09:00:00 PM	8
12/27/2012 10:00:00 PM	8
12/27/2012 11:00:00 PM	4
12/28/2012 12:00:00 AM	5
12/28/2012 01:00:00 AM	1
12/28/2012 02:00:00 AM	3
12/28/2012 03:00:00 AM	1
12/28/2012 04:00:00 AM	1
12/28/2012 05:00:00 AM	2
12/28/2012 06:00:00 AM	19
12/28/2012 07:00:00 AM	19
12/28/2012 08:00:00 AM	49
12/28/2012 09:00:00 AM	30
12/28/2012 10:00:00 AM	24
12/28/2012 11:00:00 AM	27
12/28/2012 12:00:00 PM	25
12/28/2012 01:00:00 PM	36
12/28/2012 02:00:00 PM	36
12/28/2012 03:00:00 PM	47
12/28/2012 04:00:00 PM	81
12/28/2012 05:00:00 PM	96
12/28/2012 06:00:00 PM	48
12/28/2012 07:00:00 PM	20
12/28/2012 08:00:00 PM	21
12/28/2012 09:00:00 PM	20
12/28/2012 10:00:00 PM	14
12/28/2012 11:00:00 PM	1
12/29/2012 12:00:00 AM	11
12/29/2012 01:00:00 AM	3
12/29/2012 02:00:00 AM	2
12/29/2012 03:00:00 AM	1
12/29/2012 04:00:00 AM	0
12/29/2012 05:00:00 AM	1
12/29/2012 06:00:00 AM	7
12/29/2012 07:00:00 AM	9
12/29/2012 08:00:00 AM	16
12/29/2012 09:00:00 AM	10
12/29/2012 10:00:00 AM	14
12/29/2012 11:00:00 AM	21
12/29/2012 12:00:00 PM	17
12/29/2012 01:00:00 PM	15
12/29/2012 02:00:00 PM	18
12/29/2012 03:00:00 PM	17
12/29/2012 04:00:00 PM	20
12/29/2012 05:00:00 PM	10
12/29/2012 06:00:00 PM	15
12/29/2012 07:00:00 PM	10
12/29/2012 08:00:00 PM	9
12/29/2012 09:00:00 PM	4
12/29/2012 10:00:00 PM	6
12/29/2012 11:00:00 PM	2
12/30/2012 12:00:00 AM	2
12/30/2012 01:00:00 AM	1
12/30/2012 02:00:00 AM	3
12/30/2012 03:00:00 AM	0
12/30/2012 04:00:00 AM	2
12/30/2012 05:00:00 AM	0
12/30/2012 06:00:00 AM	3
12/30/2012 07:00:00 AM	6
12/30/2012 08:00:00 AM	10
12/30/2012 09:00:00 AM	10
12/30/2012 10:00:00 AM	15
12/30/2012 11:00:00 AM	23
12/30/2012 12:00:00 PM	32
12/30/2012 01:00:00 PM	59
12/30/2012 02:00:00 PM	34
12/30/2012 03:00:00 PM	33
12/30/2012 04:00:00 PM	32
12/30/2012 05:00:00 PM	20
12/30/2012 06:00:00 PM	5
12/30/2012 07:00:00 PM	11
12/30/2012 08:00:00 PM	8
12/30/2012 09:00:00 PM	5
12/30/2012 10:00:00 PM	2
12/30/2012 11:00:00 PM	4
12/31/2012 12:00:00 AM	0
12/31/2012 01:00:00 AM	3
12/31/2012 02:00:00 AM	2
12/31/2012 03:00:00 AM	1
12/31/2012 04:00:00 AM	0
12/31/2012 05:00:00 AM	2
12/31/2012 06:00:00 AM	16
12/31/2012 07:00:00 AM	16
12/31/2012 08:00:00 AM	28
12/31/2012 09:00:00 AM	32
12/31/2012 10:00:00 AM	19
12/31/2012 11:00:00 AM	15
12/31/2012 12:00:00 PM	15
12/31/2012 01:00:00 PM	21
12/31/2012 02:00:00 PM	36
12/31/2012 03:00:00 PM	43
12/31/2012 04:00:00 PM	78
12/31/2012 05:00:00 PM	51
12/31/2012 06:00:00 PM	27
12/31/2012 07:00:00 PM	8
12/31/2012 08:00:00 PM	15
12/31/2012 09:00:00 PM	1
12/31/2012 10:00:00 PM	6
12/31/2012 11:00:00 PM	5
01/01/2013 12:00:00 AM	5
01/01/2013 01:00:00 AM	12
01/01/2013 02:00:00 AM	8
01/01/2013 03:00:00 AM	4
01/01/2013 04:00:00 AM	2
01/01/2013 05:00:00 AM	2
01/01/2013 06:00:00 AM	1
01/01/2013 07:00:00 AM	2
01/01/2013 08:00:00 AM	4
01/01/2013 09:00:00 AM	5
01/01/2013 10:00:00 AM	35
01/01/2013 11:00:00 AM	29
01/01/2013 12:00:00 PM	33
01/01/2013 01:00:00 PM	64
01/01/2013 02:00:00 PM	32
01/01/2013 03:00:00 PM	32
01/01/2013 04:00:00 PM	24
01/01/2013 05:00:00 PM	12
01/01/2013 06:00:00 PM	8
01/01/2013 07:00:00 PM	4
01/01/2013 08:00:00 PM	5
01/01/2013 09:00:00 PM	3
01/01/2013 10:00:00 PM	4
01/01/2013 11:00:00 PM	4
01/02/2013 12:00:00 AM	1
01/02/2013 01:00:00 AM	0
01/02/2013 02:00:00 AM	1
01/02/2013 03:00:00 AM	1
01/02/2013 04:00:00 AM	2
01/02/2013 05:00:00 AM	8
01/02/2013 06:00:00 AM	32
01/02/2013 07:00:00 AM	42
01/02/2013 08:00:00 AM	68
01/02/2013 09:00:00 AM	48
01/02/2013 10:00:00 AM	22
01/02/2013 11:00:00 AM	19
01/02/2013 12:00:00 PM	29
01/02/2013 01:00:00 PM	22
01/02/2013 02:00:00 PM	35
01/02/2013 03:00:00 PM	48
01/02/2013 04:00:00 PM	101
01/02/2013 05:00:00 PM	221
01/02/2013 06:00:00 PM	127
01/02/2013 07:00:00 PM	48
01/02/2013 08:00:00 PM	30
01/02/2013 09:00:00 PM	18
01/02/2013 10:00:00 PM	6
01/02/2013 11:00:00 PM	2
01/03/2013 12:00:00 AM	5
01/03/2013 01:00:00 AM	1
01/03/2013 02:00:00 AM	1
01/03/2013 03:00:00 AM	1
01/03/2013 04:00:00 AM	1
01/03/2013 05:00:00 AM	9
01/03/2013 06:00:00 AM	22
01/03/2013 07:00:00 AM	41
01/03/2013 08:00:00 AM	69
01/03/2013 09:00:00 AM	54
01/03/2013 10:00:00 AM	20
01/03/2013 11:00:00 AM	27
01/03/2013 12:00:00 PM	24
01/03/2013 01:00:00 PM	33
01/03/2013 02:00:00 PM	57
01/03/2013 03:00:00 PM	60
01/03/2013 04:00:00 PM	96
01/03/2013 05:00:00 PM	176
01/03/2013 06:00:00 PM	122
01/03/2013 07:00:00 PM	45
01/03/2013 08:00:00 PM	29
01/03/2013 09:00:00 PM	10
01/03/2013 10:00:00 PM	6
01/03/2013 11:00:00 PM	4
01/04/2013 12:00:00 AM	3
01/04/2013 01:00:00 AM	1
01/04/2013 02:00:00 AM	1
01/04/2013 03:00:00 AM	1
01/04/2013 04:00:00 AM	3
01/04/2013 05:00:00 AM	4
01/04/2013 06:00:00 AM	20
01/04/2013 07:00:00 AM	40
01/04/2013 08:00:00 AM	74
01/04/2013 09:00:00 AM	40
01/04/2013 10:00:00 AM	25
01/04/2013 11:00:00 AM	23
01/04/2013 12:00:00 PM	30
01/04/2013 01:00:00 PM	31
01/04/2013 02:00:00 PM	34
01/04/2013 03:00:00 PM	50
01/04/2013 04:00:00 PM	100
01/04/2013 05:00:00 PM	171
01/04/2013 06:00:00 PM	108
01/04/2013 07:00:00 PM	58
01/04/2013 08:00:00 PM	30
01/04/2013 09:00:00 PM	14
01/04/2013 10:00:00 PM	8
01/04/2013 11:00:00 PM	7
01/05/2013 12:00:00 AM	7
01/05/2013 01:00:00 AM	0
01/05/2013 02:00:00 AM	0
01/05/2013 03:00:00 AM	0
01/05/2013 04:00:00 AM	2
01/05/2013 05:00:00 AM	4
01/05/2013 06:00:00 AM	8
01/05/2013 07:00:00 AM	8
01/05/2013 08:00:00 AM	27
01/05/2013 09:00:00 AM	16
01/05/2013 10:00:00 AM	16
01/05/2013 11:00:00 AM	22
01/05/2013 12:00:00 PM	19
01/05/2013 01:00:00 PM	30
01/05/2013 02:00:00 PM	29
01/05/2013 03:00:00 PM	40
01/05/2013 04:00:00 PM	26
01/05/2013 05:00:00 PM	15
01/05/2013 06:00:00 PM	13
01/05/2013 07:00:00 PM	9
01/05/2013 08:00:00 PM	14
01/05/2013 09:00:00 PM	1
01/05/2013 10:00:00 PM	5
01/05/2013 11:00:00 PM	5
01/06/2013 12:00:00 AM	6
01/06/2013 01:00:00 AM	5
01/06/2013 02:00:00 AM	3
01/06/2013 03:00:00 AM	0
01/06/2013 04:00:00 AM	1
01/06/2013 05:00:00 AM	2
01/06/2013 06:00:00 AM	2
01/06/2013 07:00:00 AM	7
01/06/2013 08:00:00 AM	14
01/06/2013 09:00:00 AM	18
01/06/2013 10:00:00 AM	15
01/06/2013 11:00:00 AM	43
01/06/2013 12:00:00 PM	34
01/06/2013 01:00:00 PM	44
01/06/2013 02:00:00 PM	23
01/06/2013 03:00:00 PM	14
01/06/2013 04:00:00 PM	15
01/06/2013 05:00:00 PM	19
01/06/2013 06:00:00 PM	22
01/06/2013 07:00:00 PM	7
01/06/2013 08:00:00 PM	6
01/06/2013 09:00:00 PM	6
01/06/2013 10:00:00 PM	6
01/06/2013 11:00:00 PM	2
01/07/2013 12:00:00 AM	1
01/07/2013 01:00:00 AM	2
01/07/2013 02:00:00 AM	0
01/07/2013 03:00:00 AM	0
01/07/2013 04:00:00 AM	1
01/07/2013 05:00:00 AM	8
01/07/2013 06:00:00 AM	29
01/07/2013 07:00:00 AM	55
01/07/2013 08:00:00 AM	77
01/07/2013 09:00:00 AM	50
01/07/2013 10:00:00 AM	25
01/07/2013 11:00:00 AM	16
01/07/2013 12:00:00 PM	21
01/07/2013 01:00:00 PM	20
01/07/2013 02:00:00 PM	19
01/07/2013 03:00:00 PM	52
01/07/2013 04:00:00 PM	81
01/07/2013 05:00:00 PM	208
01/07/2013 06:00:00 PM	153
01/07/2013 07:00:00 PM	48
01/07/2013 08:00:00 PM	27
01/07/2013 09:00:00 PM	12
01/07/2013 10:00:00 PM	13
01/07/2013 11:00:00 PM	7
01/08/2013 12:00:00 AM	4
01/08/2013 01:00:00 AM	0
01/08/2013 02:00:00 AM	1
01/08/2013 03:00:00 AM	1
01/08/2013 04:00:00 AM	2
01/08/2013 05:00:00 AM	10
01/08/2013 06:00:00 AM	28
01/08/2013 07:00:00 AM	59
01/08/2013 08:00:00 AM	77
01/08/2013 09:00:00 AM	50
01/08/2013 10:00:00 AM	9
01/08/2013 11:00:00 AM	16
01/08/2013 12:00:00 PM	10
01/08/2013 01:00:00 PM	13
01/08/2013 02:00:00 PM	18
01/08/2013 03:00:00 PM	33
01/08/2013 04:00:00 PM	69
01/08/2013 05:00:00 PM	194
01/08/2013 06:00:00 PM	133
01/08/2013 07:00:00 PM	31
01/08/2013 08:00:00 PM	22
01/08/2013 09:00:00 PM	7
01/08/2013 10:00:00 PM	6
01/08/2013 11:00:00 PM	4
01/09/2013 12:00:00 AM	2
01/09/2013 01:00:00 AM	0
01/09/2013 02:00:00 AM	0
01/09/2013 03:00:00 AM	1
01/09/2013 04:00:00 AM	2
01/09/2013 05:00:00 AM	2
01/09/2013 06:00:00 AM	19
01/09/2013 07:00:00 AM	29
01/09/2013 08:00:00 AM	49
01/09/2013 09:00:00 AM	40
01/09/2013 10:00:00 AM	12
01/09/2013 11:00:00 AM	10
01/09/2013 12:00:00 PM	15
01/09/2013 01:00:00 PM	8
01/09/2013 02:00:00 PM	16
01/09/2013 03:00:00 PM	31
01/09/2013 04:00:00 PM	69
01/09/2013 05:00:00 PM	142
01/09/2013 06:00:00 PM	107
01/09/2013 07:00:00 PM	52
01/09/2013 08:00:00 PM	26
01/09/2013 09:00:00 PM	10
01/09/2013 10:00:00 PM	3
01/09/2013 11:00:00 PM	5
01/10/2013 12:00:00 AM	4
01/10/2013 01:00:00 AM	1
01/10/2013 02:00:00 AM	0
01/10/2013 03:00:00 AM	0
01/10/2013 04:00:00 AM	2
01/10/2013 05:00:00 AM	2
01/10/2013 06:00:00 AM	26
01/10/2013 07:00:00 AM	52
01/10/2013 08:00:00 AM	81
01/10/2013 09:00:00 AM	57
01/10/2013 10:00:00 AM	16
01/10/2013 11:00:00 AM	23
01/10/2013 12:00:00 PM	19
01/10/2013 01:00:00 PM	15
01/10/2013 02:00:00 PM	25
01/10/2013 03:00:00 PM	34
01/10/2013 04:00:00 PM	81
01/10/2013 05:00:00 PM	180
01/10/2013 06:00:00 PM	138
01/10/2013 07:00:00 PM	52
01/10/2013 08:00:00 PM	29
01/10/2013 09:00:00 PM	20
01/10/2013 10:00:00 PM	12
01/10/2013 11:00:00 PM	6
01/11/2013 12:00:00 AM	7
01/11/2013 01:00:00 AM	4
01/11/2013 02:00:00 AM	0
01/11/2013 03:00:00 AM	0
01/11/2013 04:00:00 AM	2
01/11/2013 05:00:00 AM	5
01/11/2013 06:00:00 AM	17
01/11/2013 07:00:00 AM	36
01/11/2013 08:00:00 AM	63
01/11/2013 09:00:00 AM	50
01/11/2013 10:00:00 AM	21
01/11/2013 11:00:00 AM	17
01/11/2013 12:00:00 PM	35
01/11/2013 01:00:00 PM	23
01/11/2013 02:00:00 PM	19
01/11/2013 03:00:00 PM	49
01/11/2013 04:00:00 PM	86
01/11/2013 05:00:00 PM	139
01/11/2013 06:00:00 PM	102
01/11/2013 07:00:00 PM	45
01/11/2013 08:00:00 PM	16
01/11/2013 09:00:00 PM	7
01/11/2013 10:00:00 PM	17
01/11/2013 11:00:00 PM	6
01/12/2013 12:00:00 AM	4
01/12/2013 01:00:00 AM	3
01/12/2013 02:00:00 AM	2
01/12/2013 03:00:00 AM	0
01/12/2013 04:00:00 AM	3
01/12/2013 05:00:00 AM	2
01/12/2013 06:00:00 AM	4
01/12/2013 07:00:00 AM	6
01/12/2013 08:00:00 AM	12
01/12/2013 09:00:00 AM	16
01/12/2013 10:00:00 AM	19
01/12/2013 11:00:00 AM	25
01/12/2013 12:00:00 PM	15
01/12/2013 01:00:00 PM	43
01/12/2013 02:00:00 PM	37
01/12/2013 03:00:00 PM	38
01/12/2013 04:00:00 PM	39
01/12/2013 05:00:00 PM	12
01/12/2013 06:00:00 PM	16
01/12/2013 07:00:00 PM	15
01/12/2013 08:00:00 PM	9
01/12/2013 09:00:00 PM	3
01/12/2013 10:00:00 PM	6
01/12/2013 11:00:00 PM	7
01/13/2013 12:00:00 AM	2
01/13/2013 01:00:00 AM	2
01/13/2013 02:00:00 AM	3
01/13/2013 03:00:00 AM	0
01/13/2013 04:00:00 AM	0
01/13/2013 05:00:00 AM	2
01/13/2013 06:00:00 AM	5
01/13/2013 07:00:00 AM	4
01/13/2013 08:00:00 AM	10
01/13/2013 09:00:00 AM	6
01/13/2013 10:00:00 AM	12
01/13/2013 11:00:00 AM	19
01/13/2013 12:00:00 PM	14
01/13/2013 01:00:00 PM	21
01/13/2013 02:00:00 PM	37
01/13/2013 03:00:00 PM	24
01/13/2013 04:00:00 PM	15
01/13/2013 05:00:00 PM	15
01/13/2013 06:00:00 PM	6
01/13/2013 07:00:00 PM	6
01/13/2013 08:00:00 PM	8
01/13/2013 09:00:00 PM	8
01/13/2013 10:00:00 PM	2
01/13/2013 11:00:00 PM	3
01/14/2013 12:00:00 AM	3
01/14/2013 01:00:00 AM	1
01/14/2013 02:00:00 AM	0
01/14/2013 03:00:00 AM	1
01/14/2013 04:00:00 AM	2
01/14/2013 05:00:00 AM	6
01/14/2013 06:00:00 AM	23
01/14/2013 07:00:00 AM	46
01/14/2013 08:00:00 AM	89
01/14/2013 09:00:00 AM	48
01/14/2013 10:00:00 AM	21
01/14/2013 11:00:00 AM	26
01/14/2013 12:00:00 PM	23
01/14/2013 01:00:00 PM	23
01/14/2013 02:00:00 PM	25
01/14/2013 03:00:00 PM	46
01/14/2013 04:00:00 PM	88
01/14/2013 05:00:00 PM	196
01/14/2013 06:00:00 PM	149
01/14/2013 07:00:00 PM	61
01/14/2013 08:00:00 PM	27
01/14/2013 09:00:00 PM	14
01/14/2013 10:00:00 PM	12
01/14/2013 11:00:00 PM	5
01/15/2013 12:00:00 AM	7
01/15/2013 01:00:00 AM	1
01/15/2013 02:00:00 AM	1
01/15/2013 03:00:00 AM	1
01/15/2013 04:00:00 AM	0
01/15/2013 05:00:00 AM	8
01/15/2013 06:00:00 AM	19
01/15/2013 07:00:00 AM	52
01/15/2013 08:00:00 AM	93
01/15/2013 09:00:00 AM	62
01/15/2013 10:00:00 AM	22
01/15/2013 11:00:00 AM	13
01/15/2013 12:00:00 PM	28
01/15/2013 01:00:00 PM	33
01/15/2013 02:00:00 PM	32
01/15/2013 03:00:00 PM	59
01/15/2013 04:00:00 PM	102
01/15/2013 05:00:00 PM	193
01/15/2013 06:00:00 PM	158
01/15/2013 07:00:00 PM	55
01/15/2013 08:00:00 PM	35
01/15/2013 09:00:00 PM	17
01/15/2013 10:00:00 PM	9
01/15/2013 11:00:00 PM	1
01/16/2013 12:00:00 AM	5
01/16/2013 01:00:00 AM	0
01/16/2013 02:00:00 AM	2
01/16/2013 03:00:00 AM	2
01/16/2013 04:00:00 AM	5
01/16/2013 05:00:00 AM	3
01/16/2013 06:00:00 AM	26
01/16/2013 07:00:00 AM	46
01/16/2013 08:00:00 AM	83
01/16/2013 09:00:00 AM	56
01/16/2013 10:00:00 AM	31
01/16/2013 11:00:00 AM	26
01/16/2013 12:00:00 PM	23
01/16/2013 01:00:00 PM	29
01/16/2013 02:00:00 PM	31
01/16/2013 03:00:00 PM	40
01/16/2013 04:00:00 PM	100
01/16/2013 05:00:00 PM	202
01/16/2013 06:00:00 PM	128
01/16/2013 07:00:00 PM	64
01/16/2013 08:00:00 PM	40
01/16/2013 09:00:00 PM	18
01/16/2013 10:00:00 PM	14
01/16/2013 11:00:00 PM	6
01/17/2013 12:00:00 AM	1
01/17/2013 01:00:00 AM	2
01/17/2013 02:00:00 AM	1
01/17/2013 03:00:00 AM	1
01/17/2013 04:00:00 AM	4
01/17/2013 05:00:00 AM	2
01/17/2013 06:00:00 AM	16
01/17/2013 07:00:00 AM	44
01/17/2013 08:00:00 AM	78
01/17/2013 09:00:00 AM	50
01/17/2013 10:00:00 AM	32
01/17/2013 11:00:00 AM	25
01/17/2013 12:00:00 PM	21
01/17/2013 01:00:00 PM	32
01/17/2013 02:00:00 PM	33
01/17/2013 03:00:00 PM	45
01/17/2013 04:00:00 PM	64
01/17/2013 05:00:00 PM	204
01/17/2013 06:00:00 PM	133
01/17/2013 07:00:00 PM	51
01/17/2013 08:00:00 PM	16
01/17/2013 09:00:00 PM	16
01/17/2013 10:00:00 PM	17
01/17/2013 11:00:00 PM	6
01/18/2013 12:00:00 AM	8
01/18/2013 01:00:00 AM	5
01/18/2013 02:00:00 AM	0
01/18/2013 03:00:00 AM	0
01/18/2013 04:00:00 AM	2
01/18/2013 05:00:00 AM	3
01/18/2013 06:00:00 AM	16
01/18/2013 07:00:00 AM	46
01/18/2013 08:00:00 AM	58
01/18/2013 09:00:00 AM	58
01/18/2013 10:00:00 AM	15
01/18/2013 11:00:00 AM	22
01/18/2013 12:00:00 PM	25
01/18/2013 01:00:00 PM	30
01/18/2013 02:00:00 PM	30
01/18/2013 03:00:00 PM	37
01/18/2013 04:00:00 PM	62
01/18/2013 05:00:00 PM	158
01/18/2013 06:00:00 PM	97
01/18/2013 07:00:00 PM	47
01/18/2013 08:00:00 PM	24
01/18/2013 09:00:00 PM	8
01/18/2013 10:00:00 PM	12
01/18/2013 11:00:00 PM	12
01/19/2013 12:00:00 AM	9
01/19/2013 01:00:00 AM	6
01/19/2013 02:00:00 AM	3
01/19/2013 03:00:00 AM	0
01/19/2013 04:00:00 AM	0
01/19/2013 05:00:00 AM	1
01/19/2013 06:00:00 AM	6
01/19/2013 07:00:00 AM	6
01/19/2013 08:00:00 AM	11
01/19/2013 09:00:00 AM	17
01/19/2013 10:00:00 AM	15
01/19/2013 11:00:00 AM	30
01/19/2013 12:00:00 PM	31
01/19/2013 01:00:00 PM	35
01/19/2013 02:00:00 PM	26
01/19/2013 03:00:00 PM	28
01/19/2013 04:00:00 PM	26
01/19/2013 05:00:00 PM	28
01/19/2013 06:00:00 PM	17
01/19/2013 07:00:00 PM	9
01/19/2013 08:00:00 PM	15
01/19/2013 09:00:00 PM	9
01/19/2013 10:00:00 PM	5
01/19/2013 11:00:00 PM	6
01/20/2013 12:00:00 AM	8
01/20/2013 01:00:00 AM	6
01/20/2013 02:00:00 AM	2
01/20/2013 03:00:00 AM	0
01/20/2013 04:00:00 AM	4
01/20/2013 05:00:00 AM	0
01/20/2013 06:00:00 AM	5
01/20/2013 07:00:00 AM	7
01/20/2013 08:00:00 AM	8
01/20/2013 09:00:00 AM	16
01/20/2013 10:00:00 AM	16
01/20/2013 11:00:00 AM	28
01/20/2013 12:00:00 PM	24
01/20/2013 01:00:00 PM	27
01/20/2013 02:00:00 PM	32
01/20/2013 03:00:00 PM	41
01/20/2013 04:00:00 PM	40
01/20/2013 05:00:00 PM	26
01/20/2013 06:00:00 PM	11
01/20/2013 07:00:00 PM	9
01/20/2013 08:00:00 PM	6
01/20/2013 09:00:00 PM	6
01/20/2013 10:00:00 PM	6
01/20/2013 11:00:00 PM	6
01/21/2013 12:00:00 AM	3
01/21/2013 01:00:00 AM	0
01/21/2013 02:00:00 AM	4
01/21/2013 03:00:00 AM	1
01/21/2013 04:00:00 AM	1
01/21/2013 05:00:00 AM	2
01/21/2013 06:00:00 AM	10
01/21/2013 07:00:00 AM	34
01/21/2013 08:00:00 AM	44
01/21/2013 09:00:00 AM	39
01/21/2013 10:00:00 AM	21
01/21/2013 11:00:00 AM	15
01/21/2013 12:00:00 PM	29
01/21/2013 01:00:00 PM	17
01/21/2013 02:00:00 PM	35
01/21/2013 03:00:00 PM	16
01/21/2013 04:00:00 PM	63
01/21/2013 05:00:00 PM	111
01/21/2013 06:00:00 PM	81
01/21/2013 07:00:00 PM	44
01/21/2013 08:00:00 PM	21
01/21/2013 09:00:00 PM	12
01/21/2013 10:00:00 PM	17
01/21/2013 11:00:00 PM	12
01/22/2013 12:00:00 AM	2
01/22/2013 01:00:00 AM	2
01/22/2013 02:00:00 AM	3
01/22/2013 03:00:00 AM	1
01/22/2013 04:00:00 AM	1
01/22/2013 05:00:00 AM	5
01/22/2013 06:00:00 AM	21
01/22/2013 07:00:00 AM	51
01/22/2013 08:00:00 AM	90
01/22/2013 09:00:00 AM	63
01/22/2013 10:00:00 AM	22
01/22/2013 11:00:00 AM	21
01/22/2013 12:00:00 PM	22
01/22/2013 01:00:00 PM	33
01/22/2013 02:00:00 PM	36
01/22/2013 03:00:00 PM	58
01/22/2013 04:00:00 PM	74
01/22/2013 05:00:00 PM	217
01/22/2013 06:00:00 PM	155
01/22/2013 07:00:00 PM	51
01/22/2013 08:00:00 PM	22
01/22/2013 09:00:00 PM	12
01/22/2013 10:00:00 PM	13
01/22/2013 11:00:00 PM	6
01/23/2013 12:00:00 AM	3
01/23/2013 01:00:00 AM	0
01/23/2013 02:00:00 AM	1
01/23/2013 03:00:00 AM	1
01/23/2013 04:00:00 AM	3
01/23/2013 05:00:00 AM	6
01/23/2013 06:00:00 AM	21
01/23/2013 07:00:00 AM	68
01/23/2013 08:00:00 AM	88
01/23/2013 09:00:00 AM	59
01/23/2013 10:00:00 AM	18
01/23/2013 11:00:00 AM	14
01/23/2013 12:00:00 PM	12
01/23/2013 01:00:00 PM	18
01/23/2013 02:00:00 PM	15
01/23/2013 03:00:00 PM	31
01/23/2013 04:00:00 PM	68
01/23/2013 05:00:00 PM	205
01/23/2013 06:00:00 PM	125
01/23/2013 07:00:00 PM	52
01/23/2013 08:00:00 PM	35
01/23/2013 09:00:00 PM	12
01/23/2013 10:00:00 PM	9
01/23/2013 11:00:00 PM	7
01/24/2013 12:00:00 AM	1
01/24/2013 01:00:00 AM	1
01/24/2013 02:00:00 AM	1
01/24/2013 03:00:00 AM	1
01/24/2013 04:00:00 AM	1
01/24/2013 05:00:00 AM	6
01/24/2013 06:00:00 AM	26
01/24/2013 07:00:00 AM	45
01/24/2013 08:00:00 AM	89
01/24/2013 09:00:00 AM	62
01/24/2013 10:00:00 AM	33
01/24/2013 11:00:00 AM	29
01/24/2013 12:00:00 PM	25
01/24/2013 01:00:00 PM	31
01/24/2013 02:00:00 PM	30
01/24/2013 03:00:00 PM	46
01/24/2013 04:00:00 PM	80
01/24/2013 05:00:00 PM	198
01/24/2013 06:00:00 PM	123
01/24/2013 07:00:00 PM	53
01/24/2013 08:00:00 PM	37
01/24/2013 09:00:00 PM	14
01/24/2013 10:00:00 PM	14
01/24/2013 11:00:00 PM	6
01/25/2013 12:00:00 AM	3
01/25/2013 01:00:00 AM	0
01/25/2013 02:00:00 AM	2
01/25/2013 03:00:00 AM	0
01/25/2013 04:00:00 AM	0
01/25/2013 05:00:00 AM	6
01/25/2013 06:00:00 AM	31
01/25/2013 07:00:00 AM	45
01/25/2013 08:00:00 AM	84
01/25/2013 09:00:00 AM	53
01/25/2013 10:00:00 AM	20
01/25/2013 11:00:00 AM	16
01/25/2013 12:00:00 PM	20
01/25/2013 01:00:00 PM	30
01/25/2013 02:00:00 PM	36
01/25/2013 03:00:00 PM	64
01/25/2013 04:00:00 PM	114
01/25/2013 05:00:00 PM	192
01/25/2013 06:00:00 PM	109
01/25/2013 07:00:00 PM	45
01/25/2013 08:00:00 PM	34
01/25/2013 09:00:00 PM	12
01/25/2013 10:00:00 PM	14
01/25/2013 11:00:00 PM	6
01/26/2013 12:00:00 AM	9
01/26/2013 01:00:00 AM	2
01/26/2013 02:00:00 AM	7
01/26/2013 03:00:00 AM	0
01/26/2013 04:00:00 AM	2
01/26/2013 05:00:00 AM	2
01/26/2013 06:00:00 AM	8
01/26/2013 07:00:00 AM	1
01/26/2013 08:00:00 AM	7
01/26/2013 09:00:00 AM	17
01/26/2013 10:00:00 AM	18
01/26/2013 11:00:00 AM	30
01/26/2013 12:00:00 PM	22
01/26/2013 01:00:00 PM	15
01/26/2013 02:00:00 PM	18
01/26/2013 03:00:00 PM	22
01/26/2013 04:00:00 PM	16
01/26/2013 05:00:00 PM	13
01/26/2013 06:00:00 PM	14
01/26/2013 07:00:00 PM	10
01/26/2013 08:00:00 PM	6
01/26/2013 09:00:00 PM	10
01/26/2013 10:00:00 PM	4
01/26/2013 11:00:00 PM	5
01/27/2013 12:00:00 AM	7
01/27/2013 01:00:00 AM	2
01/27/2013 02:00:00 AM	1
01/27/2013 03:00:00 AM	1
01/27/2013 04:00:00 AM	0
01/27/2013 05:00:00 AM	1
01/27/2013 06:00:00 AM	9
01/27/2013 07:00:00 AM	7
01/27/2013 08:00:00 AM	10
01/27/2013 09:00:00 AM	21
01/27/2013 10:00:00 AM	33
01/27/2013 11:00:00 AM	20
01/27/2013 12:00:00 PM	20
01/27/2013 01:00:00 PM	23
01/27/2013 02:00:00 PM	20
01/27/2013 03:00:00 PM	24
01/27/2013 04:00:00 PM	24
01/27/2013 05:00:00 PM	12
01/27/2013 06:00:00 PM	12
01/27/2013 07:00:00 PM	14
01/27/2013 08:00:00 PM	9
01/27/2013 09:00:00 PM	5
01/27/2013 10:00:00 PM	6
01/27/2013 11:00:00 PM	4
01/28/2013 12:00:00 AM	0
01/28/2013 01:00:00 AM	0
01/28/2013 02:00:00 AM	1
01/28/2013 03:00:00 AM	1
01/28/2013 04:00:00 AM	1
01/28/2013 05:00:00 AM	3
01/28/2013 06:00:00 AM	26
01/28/2013 07:00:00 AM	41
01/28/2013 08:00:00 AM	87
01/28/2013 09:00:00 AM	53
01/28/2013 10:00:00 AM	18
01/28/2013 11:00:00 AM	19
01/28/2013 12:00:00 PM	19
01/28/2013 01:00:00 PM	20
01/28/2013 02:00:00 PM	18
01/28/2013 03:00:00 PM	33
01/28/2013 04:00:00 PM	89
01/28/2013 05:00:00 PM	192
01/28/2013 06:00:00 PM	124
01/28/2013 07:00:00 PM	42
01/28/2013 08:00:00 PM	25
01/28/2013 09:00:00 PM	12
01/28/2013 10:00:00 PM	6
01/28/2013 11:00:00 PM	1
01/29/2013 12:00:00 AM	1
01/29/2013 01:00:00 AM	1
01/29/2013 02:00:00 AM	0
01/29/2013 03:00:00 AM	2
01/29/2013 04:00:00 AM	2
01/29/2013 05:00:00 AM	5
01/29/2013 06:00:00 AM	21
01/29/2013 07:00:00 AM	59
01/29/2013 08:00:00 AM	76
01/29/2013 09:00:00 AM	53
01/29/2013 10:00:00 AM	9
01/29/2013 11:00:00 AM	13
01/29/2013 12:00:00 PM	24
01/29/2013 01:00:00 PM	17
01/29/2013 02:00:00 PM	21
01/29/2013 03:00:00 PM	35
01/29/2013 04:00:00 PM	87
01/29/2013 05:00:00 PM	198
01/29/2013 06:00:00 PM	138
01/29/2013 07:00:00 PM	61
01/29/2013 08:00:00 PM	23
01/29/2013 09:00:00 PM	17
01/29/2013 10:00:00 PM	10
01/29/2013 11:00:00 PM	6
01/30/2013 12:00:00 AM	1
01/30/2013 01:00:00 AM	0
01/30/2013 02:00:00 AM	0
01/30/2013 03:00:00 AM	0
01/30/2013 04:00:00 AM	3
01/30/2013 05:00:00 AM	7
01/30/2013 06:00:00 AM	30
01/30/2013 07:00:00 AM	54
01/30/2013 08:00:00 AM	73
01/30/2013 09:00:00 AM	52
01/30/2013 10:00:00 AM	18
01/30/2013 11:00:00 AM	13
01/30/2013 12:00:00 PM	23
01/30/2013 01:00:00 PM	11
01/30/2013 02:00:00 PM	26
01/30/2013 03:00:00 PM	26
01/30/2013 04:00:00 PM	74
01/30/2013 05:00:00 PM	202
01/30/2013 06:00:00 PM	143
01/30/2013 07:00:00 PM	62
01/30/2013 08:00:00 PM	30
01/30/2013 09:00:00 PM	22
01/30/2013 10:00:00 PM	8
01/30/2013 11:00:00 PM	9
01/31/2013 12:00:00 AM	1
01/31/2013 01:00:00 AM	1
01/31/2013 02:00:00 AM	0
01/31/2013 03:00:00 AM	0
01/31/2013 04:00:00 AM	1
01/31/2013 05:00:00 AM	11
01/31/2013 06:00:00 AM	26
01/31/2013 07:00:00 AM	49
01/31/2013 08:00:00 AM	87
01/31/2013 09:00:00 AM	56
01/31/2013 10:00:00 AM	12
01/31/2013 11:00:00 AM	17
01/31/2013 12:00:00 PM	15
01/31/2013 01:00:00 PM	24
01/31/2013 02:00:00 PM	29
01/31/2013 03:00:00 PM	29
01/31/2013 04:00:00 PM	92
01/31/2013 05:00:00 PM	215
01/31/2013 06:00:00 PM	110
01/31/2013 07:00:00 PM	79
01/31/2013 08:00:00 PM	52
01/31/2013 09:00:00 PM	22
01/31/2013 10:00:00 PM	12
01/31/2013 11:00:00 PM	7
02/01/2013 12:00:00 AM	8
02/01/2013 01:00:00 AM	0
02/01/2013 02:00:00 AM	0
02/01/2013 03:00:00 AM	0
02/01/2013 04:00:00 AM	2
02/01/2013 05:00:00 AM	3
02/01/2013 06:00:00 AM	21
02/01/2013 07:00:00 AM	53
02/01/2013 08:00:00 AM	72
02/01/2013 09:00:00 AM	58
02/01/2013 10:00:00 AM	34
02/01/2013 11:00:00 AM	31
02/01/2013 12:00:00 PM	35
02/01/2013 01:00:00 PM	40
02/01/2013 02:00:00 PM	43
02/01/2013 03:00:00 PM	59
02/01/2013 04:00:00 PM	109
02/01/2013 05:00:00 PM	207
02/01/2013 06:00:00 PM	118
02/01/2013 07:00:00 PM	51
02/01/2013 08:00:00 PM	31
02/01/2013 09:00:00 PM	10
02/01/2013 10:00:00 PM	20
02/01/2013 11:00:00 PM	11
02/02/2013 12:00:00 AM	9
02/02/2013 01:00:00 AM	7
02/02/2013 02:00:00 AM	4
02/02/2013 03:00:00 AM	0
02/02/2013 04:00:00 AM	1
02/02/2013 05:00:00 AM	1
02/02/2013 06:00:00 AM	8
02/02/2013 07:00:00 AM	7
02/02/2013 08:00:00 AM	28
02/02/2013 09:00:00 AM	26
02/02/2013 10:00:00 AM	18
02/02/2013 11:00:00 AM	46
02/02/2013 12:00:00 PM	40
02/02/2013 01:00:00 PM	38
02/02/2013 02:00:00 PM	59
02/02/2013 03:00:00 PM	52
02/02/2013 04:00:00 PM	44
02/02/2013 05:00:00 PM	38
02/02/2013 06:00:00 PM	19
02/02/2013 07:00:00 PM	18
02/02/2013 08:00:00 PM	6
02/02/2013 09:00:00 PM	8
02/02/2013 10:00:00 PM	5
02/02/2013 11:00:00 PM	6
02/03/2013 12:00:00 AM	11
02/03/2013 01:00:00 AM	5
02/03/2013 02:00:00 AM	4
02/03/2013 03:00:00 AM	0
02/03/2013 04:00:00 AM	1
02/03/2013 05:00:00 AM	0
02/03/2013 06:00:00 AM	6
02/03/2013 07:00:00 AM	7
02/03/2013 08:00:00 AM	12
02/03/2013 09:00:00 AM	22
02/03/2013 10:00:00 AM	30
02/03/2013 11:00:00 AM	28
02/03/2013 12:00:00 PM	42
02/03/2013 01:00:00 PM	50
02/03/2013 02:00:00 PM	42
02/03/2013 03:00:00 PM	28
02/03/2013 04:00:00 PM	32
02/03/2013 05:00:00 PM	18
02/03/2013 06:00:00 PM	13
02/03/2013 07:00:00 PM	9
02/03/2013 08:00:00 PM	9
02/03/2013 09:00:00 PM	10
02/03/2013 10:00:00 PM	6
02/03/2013 11:00:00 PM	6
02/04/2013 12:00:00 AM	2
02/04/2013 01:00:00 AM	2
02/04/2013 02:00:00 AM	1
02/04/2013 03:00:00 AM	0
02/04/2013 04:00:00 AM	2
02/04/2013 05:00:00 AM	5
02/04/2013 06:00:00 AM	32
02/04/2013 07:00:00 AM	58
02/04/2013 08:00:00 AM	102
02/04/2013 09:00:00 AM	74
02/04/2013 10:00:00 AM	31
02/04/2013 11:00:00 AM	25
02/04/2013 12:00:00 PM	31
02/04/2013 01:00:00 PM	20
02/04/2013 02:00:00 PM	30
02/04/2013 03:00:00 PM	43
02/04/2013 04:00:00 PM	96
02/04/2013 05:00:00 PM	255
02/04/2013 06:00:00 PM	169
02/04/2013 07:00:00 PM	65
02/04/2013 08:00:00 PM	30
02/04/2013 09:00:00 PM	23
02/04/2013 10:00:00 PM	10
02/04/2013 11:00:00 PM	8
02/05/2013 12:00:00 AM	5
02/05/2013 01:00:00 AM	3
02/05/2013 02:00:00 AM	1
02/05/2013 03:00:00 AM	1
02/05/2013 04:00:00 AM	2
02/05/2013 05:00:00 AM	6
02/05/2013 06:00:00 AM	30
02/05/2013 07:00:00 AM	44
02/05/2013 08:00:00 AM	88
02/05/2013 09:00:00 AM	63
02/05/2013 10:00:00 AM	23
02/05/2013 11:00:00 AM	19
02/05/2013 12:00:00 PM	19
02/05/2013 01:00:00 PM	30
02/05/2013 02:00:00 PM	30
02/05/2013 03:00:00 PM	31
02/05/2013 04:00:00 PM	78
02/05/2013 05:00:00 PM	224
02/05/2013 06:00:00 PM	160
02/05/2013 07:00:00 PM	53
02/05/2013 08:00:00 PM	32
02/05/2013 09:00:00 PM	16
02/05/2013 10:00:00 PM	15
02/05/2013 11:00:00 PM	9
02/06/2013 12:00:00 AM	3
02/06/2013 01:00:00 AM	4
02/06/2013 02:00:00 AM	0
02/06/2013 03:00:00 AM	0
02/06/2013 04:00:00 AM	2
02/06/2013 05:00:00 AM	7
02/06/2013 06:00:00 AM	24
02/06/2013 07:00:00 AM	67
02/06/2013 08:00:00 AM	93
02/06/2013 09:00:00 AM	55
02/06/2013 10:00:00 AM	21
02/06/2013 11:00:00 AM	31
02/06/2013 12:00:00 PM	31
02/06/2013 01:00:00 PM	19
02/06/2013 02:00:00 PM	25
02/06/2013 03:00:00 PM	43
02/06/2013 04:00:00 PM	99
02/06/2013 05:00:00 PM	202
02/06/2013 06:00:00 PM	122
02/06/2013 07:00:00 PM	51
02/06/2013 08:00:00 PM	42
02/06/2013 09:00:00 PM	18
02/06/2013 10:00:00 PM	11
02/06/2013 11:00:00 PM	9
02/07/2013 12:00:00 AM	4
02/07/2013 01:00:00 AM	1
02/07/2013 02:00:00 AM	0
02/07/2013 03:00:00 AM	0
02/07/2013 04:00:00 AM	2
02/07/2013 05:00:00 AM	5
02/07/2013 06:00:00 AM	21
02/07/2013 07:00:00 AM	52
02/07/2013 08:00:00 AM	92
02/07/2013 09:00:00 AM	60
02/07/2013 10:00:00 AM	26
02/07/2013 11:00:00 AM	26
02/07/2013 12:00:00 PM	23
02/07/2013 01:00:00 PM	30
02/07/2013 02:00:00 PM	56
02/07/2013 03:00:00 PM	55
02/07/2013 04:00:00 PM	96
02/07/2013 05:00:00 PM	204
02/07/2013 06:00:00 PM	144
02/07/2013 07:00:00 PM	67
02/07/2013 08:00:00 PM	40
02/07/2013 09:00:00 PM	41
02/07/2013 10:00:00 PM	17
02/07/2013 11:00:00 PM	10
02/08/2013 12:00:00 AM	9
02/08/2013 01:00:00 AM	3
02/08/2013 02:00:00 AM	1
02/08/2013 03:00:00 AM	0
02/08/2013 04:00:00 AM	4
02/08/2013 05:00:00 AM	6
02/08/2013 06:00:00 AM	30
02/08/2013 07:00:00 AM	60
02/08/2013 08:00:00 AM	80
02/08/2013 09:00:00 AM	67
02/08/2013 10:00:00 AM	19
02/08/2013 11:00:00 AM	26
02/08/2013 12:00:00 PM	30
02/08/2013 01:00:00 PM	51
02/08/2013 02:00:00 PM	41
02/08/2013 03:00:00 PM	51
02/08/2013 04:00:00 PM	117
02/08/2013 05:00:00 PM	218
02/08/2013 06:00:00 PM	128
02/08/2013 07:00:00 PM	43
02/08/2013 08:00:00 PM	19
02/08/2013 09:00:00 PM	20
02/08/2013 10:00:00 PM	8
02/08/2013 11:00:00 PM	11
02/09/2013 12:00:00 AM	10
02/09/2013 01:00:00 AM	6
02/09/2013 02:00:00 AM	4
02/09/2013 03:00:00 AM	0
02/09/2013 04:00:00 AM	3
02/09/2013 05:00:00 AM	1
02/09/2013 06:00:00 AM	10
02/09/2013 07:00:00 AM	8
02/09/2013 08:00:00 AM	30
02/09/2013 09:00:00 AM	27
02/09/2013 10:00:00 AM	26
02/09/2013 11:00:00 AM	33
02/09/2013 12:00:00 PM	43
02/09/2013 01:00:00 PM	47
02/09/2013 02:00:00 PM	62
02/09/2013 03:00:00 PM	45
02/09/2013 04:00:00 PM	37
02/09/2013 05:00:00 PM	32
02/09/2013 06:00:00 PM	17
02/09/2013 07:00:00 PM	18
02/09/2013 08:00:00 PM	9
02/09/2013 09:00:00 PM	5
02/09/2013 10:00:00 PM	8
02/09/2013 11:00:00 PM	6
02/10/2013 12:00:00 AM	6
02/10/2013 01:00:00 AM	0
02/10/2013 02:00:00 AM	1
02/10/2013 03:00:00 AM	1
02/10/2013 04:00:00 AM	2
02/10/2013 05:00:00 AM	0
02/10/2013 06:00:00 AM	5
02/10/2013 07:00:00 AM	12
02/10/2013 08:00:00 AM	17
02/10/2013 09:00:00 AM	26
02/10/2013 10:00:00 AM	38
02/10/2013 11:00:00 AM	47
02/10/2013 12:00:00 PM	52
02/10/2013 01:00:00 PM	76
02/10/2013 02:00:00 PM	93
02/10/2013 03:00:00 PM	67
02/10/2013 04:00:00 PM	40
02/10/2013 05:00:00 PM	35
02/10/2013 06:00:00 PM	20
02/10/2013 07:00:00 PM	8
02/10/2013 08:00:00 PM	9
02/10/2013 09:00:00 PM	9
02/10/2013 10:00:00 PM	3
02/10/2013 11:00:00 PM	10
02/11/2013 12:00:00 AM	2
02/11/2013 01:00:00 AM	2
02/11/2013 02:00:00 AM	0
02/11/2013 03:00:00 AM	0
02/11/2013 04:00:00 AM	3
02/11/2013 05:00:00 AM	3
02/11/2013 06:00:00 AM	37
02/11/2013 07:00:00 AM	73
02/11/2013 08:00:00 AM	92
02/11/2013 09:00:00 AM	47
02/11/2013 10:00:00 AM	30
02/11/2013 11:00:00 AM	18
02/11/2013 12:00:00 PM	24
02/11/2013 01:00:00 PM	26
02/11/2013 02:00:00 PM	29
02/11/2013 03:00:00 PM	47
02/11/2013 04:00:00 PM	94
02/11/2013 05:00:00 PM	241
02/11/2013 06:00:00 PM	172
02/11/2013 07:00:00 PM	54
02/11/2013 08:00:00 PM	31
02/11/2013 09:00:00 PM	25
02/11/2013 10:00:00 PM	13
02/11/2013 11:00:00 PM	6
02/12/2013 12:00:00 AM	3
02/12/2013 01:00:00 AM	0
02/12/2013 02:00:00 AM	0
02/12/2013 03:00:00 AM	1
02/12/2013 04:00:00 AM	3
02/12/2013 05:00:00 AM	5
02/12/2013 06:00:00 AM	28
02/12/2013 07:00:00 AM	57
02/12/2013 08:00:00 AM	102
02/12/2013 09:00:00 AM	57
02/12/2013 10:00:00 AM	30
02/12/2013 11:00:00 AM	23
02/12/2013 12:00:00 PM	17
02/12/2013 01:00:00 PM	25
02/12/2013 02:00:00 PM	28
02/12/2013 03:00:00 PM	38
02/12/2013 04:00:00 PM	92
02/12/2013 05:00:00 PM	237
02/12/2013 06:00:00 PM	146
02/12/2013 07:00:00 PM	64
02/12/2013 08:00:00 PM	28
02/12/2013 09:00:00 PM	16
02/12/2013 10:00:00 PM	16
02/12/2013 11:00:00 PM	7
02/13/2013 12:00:00 AM	4
02/13/2013 01:00:00 AM	1
02/13/2013 02:00:00 AM	1
02/13/2013 03:00:00 AM	0
02/13/2013 04:00:00 AM	2
02/13/2013 05:00:00 AM	6
02/13/2013 06:00:00 AM	22
02/13/2013 07:00:00 AM	56
02/13/2013 08:00:00 AM	94
02/13/2013 09:00:00 AM	57
02/13/2013 10:00:00 AM	28
02/13/2013 11:00:00 AM	21
02/13/2013 12:00:00 PM	16
02/13/2013 01:00:00 PM	19
02/13/2013 02:00:00 PM	24
02/13/2013 03:00:00 PM	44
02/13/2013 04:00:00 PM	95
02/13/2013 05:00:00 PM	230
02/13/2013 06:00:00 PM	140
02/13/2013 07:00:00 PM	55
02/13/2013 08:00:00 PM	47
02/13/2013 09:00:00 PM	26
02/13/2013 10:00:00 PM	14
02/13/2013 11:00:00 PM	14
02/14/2013 12:00:00 AM	4
02/14/2013 01:00:00 AM	0
02/14/2013 02:00:00 AM	0
02/14/2013 03:00:00 AM	0
02/14/2013 04:00:00 AM	1
02/14/2013 05:00:00 AM	7
02/14/2013 06:00:00 AM	35
02/14/2013 07:00:00 AM	47
02/14/2013 08:00:00 AM	79
02/14/2013 09:00:00 AM	56
02/14/2013 10:00:00 AM	20
02/14/2013 11:00:00 AM	22
02/14/2013 12:00:00 PM	24
02/14/2013 01:00:00 PM	16
02/14/2013 02:00:00 PM	33
02/14/2013 03:00:00 PM	33
02/14/2013 04:00:00 PM	83
02/14/2013 05:00:00 PM	187
02/14/2013 06:00:00 PM	136
02/14/2013 07:00:00 PM	56
02/14/2013 08:00:00 PM	32
02/14/2013 09:00:00 PM	12
02/14/2013 10:00:00 PM	11
02/14/2013 11:00:00 PM	10
02/15/2013 12:00:00 AM	6
02/15/2013 01:00:00 AM	3
02/15/2013 02:00:00 AM	0
02/15/2013 03:00:00 AM	2
02/15/2013 04:00:00 AM	2
02/15/2013 05:00:00 AM	3
02/15/2013 06:00:00 AM	26
02/15/2013 07:00:00 AM	52
02/15/2013 08:00:00 AM	78
02/15/2013 09:00:00 AM	59
02/15/2013 10:00:00 AM	28
02/15/2013 11:00:00 AM	27
02/15/2013 12:00:00 PM	41
02/15/2013 01:00:00 PM	41
02/15/2013 02:00:00 PM	57
02/15/2013 03:00:00 PM	75
02/15/2013 04:00:00 PM	153
02/15/2013 05:00:00 PM	207
02/15/2013 06:00:00 PM	123
02/15/2013 07:00:00 PM	54
02/15/2013 08:00:00 PM	22
02/15/2013 09:00:00 PM	20
02/15/2013 10:00:00 PM	10
02/15/2013 11:00:00 PM	9
02/16/2013 12:00:00 AM	10
02/16/2013 01:00:00 AM	4
02/16/2013 02:00:00 AM	4
02/16/2013 03:00:00 AM	3
02/16/2013 04:00:00 AM	1
02/16/2013 05:00:00 AM	2
02/16/2013 06:00:00 AM	3
02/16/2013 07:00:00 AM	10
02/16/2013 08:00:00 AM	18
02/16/2013 09:00:00 AM	21
02/16/2013 10:00:00 AM	15
02/16/2013 11:00:00 AM	25
02/16/2013 12:00:00 PM	47
02/16/2013 01:00:00 PM	65
02/16/2013 02:00:00 PM	48
02/16/2013 03:00:00 PM	44
02/16/2013 04:00:00 PM	37
02/16/2013 05:00:00 PM	25
02/16/2013 06:00:00 PM	27
02/16/2013 07:00:00 PM	8
02/16/2013 08:00:00 PM	12
02/16/2013 09:00:00 PM	8
02/16/2013 10:00:00 PM	2
02/16/2013 11:00:00 PM	5
02/17/2013 12:00:00 AM	8
02/17/2013 01:00:00 AM	2
02/17/2013 02:00:00 AM	4
02/17/2013 03:00:00 AM	7
02/17/2013 04:00:00 AM	1
02/17/2013 05:00:00 AM	1
02/17/2013 06:00:00 AM	5
02/17/2013 07:00:00 AM	7
02/17/2013 08:00:00 AM	19
02/17/2013 09:00:00 AM	24
02/17/2013 10:00:00 AM	25
02/17/2013 11:00:00 AM	20
02/17/2013 12:00:00 PM	25
02/17/2013 01:00:00 PM	37
02/17/2013 02:00:00 PM	38
02/17/2013 03:00:00 PM	38
02/17/2013 04:00:00 PM	43
02/17/2013 05:00:00 PM	39
02/17/2013 06:00:00 PM	17
02/17/2013 07:00:00 PM	13
02/17/2013 08:00:00 PM	6
02/17/2013 09:00:00 PM	6
02/17/2013 10:00:00 PM	8
02/17/2013 11:00:00 PM	5
02/18/2013 12:00:00 AM	4
02/18/2013 01:00:00 AM	2
02/18/2013 02:00:00 AM	3
02/18/2013 03:00:00 AM	1
02/18/2013 04:00:00 AM	1
02/18/2013 05:00:00 AM	3
02/18/2013 06:00:00 AM	17
02/18/2013 07:00:00 AM	27
02/18/2013 08:00:00 AM	42
02/18/2013 09:00:00 AM	52
02/18/2013 10:00:00 AM	33
02/18/2013 11:00:00 AM	30
02/18/2013 12:00:00 PM	31
02/18/2013 01:00:00 PM	43
02/18/2013 02:00:00 PM	42
02/18/2013 03:00:00 PM	61
02/18/2013 04:00:00 PM	61
02/18/2013 05:00:00 PM	119
02/18/2013 06:00:00 PM	67
02/18/2013 07:00:00 PM	44
02/18/2013 08:00:00 PM	17
02/18/2013 09:00:00 PM	6
02/18/2013 10:00:00 PM	12
02/18/2013 11:00:00 PM	5
02/19/2013 12:00:00 AM	3
02/19/2013 01:00:00 AM	3
02/19/2013 02:00:00 AM	0
02/19/2013 03:00:00 AM	2
02/19/2013 04:00:00 AM	2
02/19/2013 05:00:00 AM	7
02/19/2013 06:00:00 AM	25
02/19/2013 07:00:00 AM	66
02/19/2013 08:00:00 AM	100
02/19/2013 09:00:00 AM	70
02/19/2013 10:00:00 AM	32
02/19/2013 11:00:00 AM	30
02/19/2013 12:00:00 PM	30
02/19/2013 01:00:00 PM	39
02/19/2013 02:00:00 PM	49
02/19/2013 03:00:00 PM	56
02/19/2013 04:00:00 PM	116
02/19/2013 05:00:00 PM	275
02/19/2013 06:00:00 PM	190
02/19/2013 07:00:00 PM	76
02/19/2013 08:00:00 PM	23
02/19/2013 09:00:00 PM	24
02/19/2013 10:00:00 PM	17
02/19/2013 11:00:00 PM	18
02/20/2013 12:00:00 AM	4
02/20/2013 01:00:00 AM	1
02/20/2013 02:00:00 AM	0
02/20/2013 03:00:00 AM	1
02/20/2013 04:00:00 AM	1
02/20/2013 05:00:00 AM	3
02/20/2013 06:00:00 AM	25
02/20/2013 07:00:00 AM	61
02/20/2013 08:00:00 AM	100
02/20/2013 09:00:00 AM	57
02/20/2013 10:00:00 AM	33
02/20/2013 11:00:00 AM	20
02/20/2013 12:00:00 PM	31
02/20/2013 01:00:00 PM	32
02/20/2013 02:00:00 PM	35
02/20/2013 03:00:00 PM	46
02/20/2013 04:00:00 PM	92
02/20/2013 05:00:00 PM	229
02/20/2013 06:00:00 PM	163
02/20/2013 07:00:00 PM	52
02/20/2013 08:00:00 PM	42
02/20/2013 09:00:00 PM	24
02/20/2013 10:00:00 PM	15
02/20/2013 11:00:00 PM	8
02/21/2013 12:00:00 AM	3
02/21/2013 01:00:00 AM	0
02/21/2013 02:00:00 AM	1
02/21/2013 03:00:00 AM	0
02/21/2013 04:00:00 AM	0
02/21/2013 05:00:00 AM	7
02/21/2013 06:00:00 AM	26
02/21/2013 07:00:00 AM	52
02/21/2013 08:00:00 AM	82
02/21/2013 09:00:00 AM	53
02/21/2013 10:00:00 AM	22
02/21/2013 11:00:00 AM	24
02/21/2013 12:00:00 PM	20
02/21/2013 01:00:00 PM	19
02/21/2013 02:00:00 PM	29
02/21/2013 03:00:00 PM	41
02/21/2013 04:00:00 PM	92
02/21/2013 05:00:00 PM	208
02/21/2013 06:00:00 PM	129
02/21/2013 07:00:00 PM	58
02/21/2013 08:00:00 PM	35
02/21/2013 09:00:00 PM	16
02/21/2013 10:00:00 PM	17
02/21/2013 11:00:00 PM	5
02/22/2013 12:00:00 AM	4
02/22/2013 01:00:00 AM	3
02/22/2013 02:00:00 AM	1
02/22/2013 03:00:00 AM	1
02/22/2013 04:00:00 AM	2
02/22/2013 05:00:00 AM	6
02/22/2013 06:00:00 AM	30
02/22/2013 07:00:00 AM	31
02/22/2013 08:00:00 AM	68
02/22/2013 09:00:00 AM	34
02/22/2013 10:00:00 AM	14
02/22/2013 11:00:00 AM	5
02/22/2013 12:00:00 PM	18
02/22/2013 01:00:00 PM	17
02/22/2013 02:00:00 PM	25
02/22/2013 03:00:00 PM	31
02/22/2013 04:00:00 PM	74
02/22/2013 05:00:00 PM	140
02/22/2013 06:00:00 PM	89
02/22/2013 07:00:00 PM	44
02/22/2013 08:00:00 PM	19
02/22/2013 09:00:00 PM	15
02/22/2013 10:00:00 PM	8
02/22/2013 11:00:00 PM	11
02/23/2013 12:00:00 AM	7
02/23/2013 01:00:00 AM	2
02/23/2013 02:00:00 AM	2
02/23/2013 03:00:00 AM	2
02/23/2013 04:00:00 AM	1
02/23/2013 05:00:00 AM	0
02/23/2013 06:00:00 AM	12
02/23/2013 07:00:00 AM	13
02/23/2013 08:00:00 AM	28
02/23/2013 09:00:00 AM	29
02/23/2013 10:00:00 AM	29
02/23/2013 11:00:00 AM	36
02/23/2013 12:00:00 PM	63
02/23/2013 01:00:00 PM	43
02/23/2013 02:00:00 PM	55
02/23/2013 03:00:00 PM	47
02/23/2013 04:00:00 PM	38
02/23/2013 05:00:00 PM	31
02/23/2013 06:00:00 PM	24
02/23/2013 07:00:00 PM	17
02/23/2013 08:00:00 PM	22
02/23/2013 09:00:00 PM	12
02/23/2013 10:00:00 PM	7
02/23/2013 11:00:00 PM	3
02/24/2013 12:00:00 AM	10
02/24/2013 01:00:00 AM	2
02/24/2013 02:00:00 AM	1
02/24/2013 03:00:00 AM	3
02/24/2013 04:00:00 AM	4
02/24/2013 05:00:00 AM	0
02/24/2013 06:00:00 AM	5
02/24/2013 07:00:00 AM	14
02/24/2013 08:00:00 AM	24
02/24/2013 09:00:00 AM	26
02/24/2013 10:00:00 AM	19
02/24/2013 11:00:00 AM	33
02/24/2013 12:00:00 PM	37
02/24/2013 01:00:00 PM	65
02/24/2013 02:00:00 PM	64
02/24/2013 03:00:00 PM	41
02/24/2013 04:00:00 PM	54
02/24/2013 05:00:00 PM	54
02/24/2013 06:00:00 PM	10
02/24/2013 07:00:00 PM	23
02/24/2013 08:00:00 PM	8
02/24/2013 09:00:00 PM	6
02/24/2013 10:00:00 PM	10
02/24/2013 11:00:00 PM	4
02/25/2013 12:00:00 AM	2
02/25/2013 01:00:00 AM	0
02/25/2013 02:00:00 AM	1
02/25/2013 03:00:00 AM	0
02/25/2013 04:00:00 AM	2
02/25/2013 05:00:00 AM	4
02/25/2013 06:00:00 AM	26
02/25/2013 07:00:00 AM	54
02/25/2013 08:00:00 AM	95
02/25/2013 09:00:00 AM	53
02/25/2013 10:00:00 AM	22
02/25/2013 11:00:00 AM	21
02/25/2013 12:00:00 PM	23
02/25/2013 01:00:00 PM	19
02/25/2013 02:00:00 PM	42
02/25/2013 03:00:00 PM	48
02/25/2013 04:00:00 PM	95
02/25/2013 05:00:00 PM	220
02/25/2013 06:00:00 PM	159
02/25/2013 07:00:00 PM	64
02/25/2013 08:00:00 PM	23
02/25/2013 09:00:00 PM	19
02/25/2013 10:00:00 PM	12
02/25/2013 11:00:00 PM	5
02/26/2013 12:00:00 AM	4
02/26/2013 01:00:00 AM	2
02/26/2013 02:00:00 AM	0
02/26/2013 03:00:00 AM	2
02/26/2013 04:00:00 AM	1
02/26/2013 05:00:00 AM	10
02/26/2013 06:00:00 AM	27
02/26/2013 07:00:00 AM	67
02/26/2013 08:00:00 AM	130
02/26/2013 09:00:00 AM	81
02/26/2013 10:00:00 AM	26
02/26/2013 11:00:00 AM	23
02/26/2013 12:00:00 PM	18
02/26/2013 01:00:00 PM	34
02/26/2013 02:00:00 PM	37
02/26/2013 03:00:00 PM	55
02/26/2013 04:00:00 PM	131
02/26/2013 05:00:00 PM	267
02/26/2013 06:00:00 PM	176
02/26/2013 07:00:00 PM	82
02/26/2013 08:00:00 PM	34
02/26/2013 09:00:00 PM	20
02/26/2013 10:00:00 PM	7
02/26/2013 11:00:00 PM	10
02/27/2013 12:00:00 AM	5
02/27/2013 01:00:00 AM	0
02/27/2013 02:00:00 AM	0
02/27/2013 03:00:00 AM	1
02/27/2013 04:00:00 AM	2
02/27/2013 05:00:00 AM	6
02/27/2013 06:00:00 AM	32
02/27/2013 07:00:00 AM	80
02/27/2013 08:00:00 AM	105
02/27/2013 09:00:00 AM	79
02/27/2013 10:00:00 AM	35
02/27/2013 11:00:00 AM	18
02/27/2013 12:00:00 PM	24
02/27/2013 01:00:00 PM	33
02/27/2013 02:00:00 PM	21
02/27/2013 03:00:00 PM	56
02/27/2013 04:00:00 PM	102
02/27/2013 05:00:00 PM	250
02/27/2013 06:00:00 PM	180
02/27/2013 07:00:00 PM	67
02/27/2013 08:00:00 PM	32
02/27/2013 09:00:00 PM	21
02/27/2013 10:00:00 PM	14
02/27/2013 11:00:00 PM	8
02/28/2013 12:00:00 AM	4
02/28/2013 01:00:00 AM	2
02/28/2013 02:00:00 AM	2
02/28/2013 03:00:00 AM	1
02/28/2013 04:00:00 AM	1
02/28/2013 05:00:00 AM	6
02/28/2013 06:00:00 AM	20
02/28/2013 07:00:00 AM	47
02/28/2013 08:00:00 AM	74
02/28/2013 09:00:00 AM	50
02/28/2013 10:00:00 AM	22
02/28/2013 11:00:00 AM	24
02/28/2013 12:00:00 PM	17
02/28/2013 01:00:00 PM	18
02/28/2013 02:00:00 PM	25
02/28/2013 03:00:00 PM	39
02/28/2013 04:00:00 PM	77
02/28/2013 05:00:00 PM	198
02/28/2013 06:00:00 PM	141
02/28/2013 07:00:00 PM	42
02/28/2013 08:00:00 PM	33
02/28/2013 09:00:00 PM	24
02/28/2013 10:00:00 PM	11
02/28/2013 11:00:00 PM	7
03/01/2013 12:00:00 AM	3
03/01/2013 01:00:00 AM	2
03/01/2013 02:00:00 AM	0
03/01/2013 03:00:00 AM	1
03/01/2013 04:00:00 AM	1
03/01/2013 05:00:00 AM	10
03/01/2013 06:00:00 AM	30
03/01/2013 07:00:00 AM	38
03/01/2013 08:00:00 AM	72
03/01/2013 09:00:00 AM	54
03/01/2013 10:00:00 AM	19
03/01/2013 11:00:00 AM	22
03/01/2013 12:00:00 PM	26
03/01/2013 01:00:00 PM	26
03/01/2013 02:00:00 PM	41
03/01/2013 03:00:00 PM	54
03/01/2013 04:00:00 PM	102
03/01/2013 05:00:00 PM	189
03/01/2013 06:00:00 PM	103
03/01/2013 07:00:00 PM	58
03/01/2013 08:00:00 PM	15
03/01/2013 09:00:00 PM	24
03/01/2013 10:00:00 PM	10
03/01/2013 11:00:00 PM	21
03/02/2013 12:00:00 AM	10
03/02/2013 01:00:00 AM	3
03/02/2013 02:00:00 AM	4
03/02/2013 03:00:00 AM	2
03/02/2013 04:00:00 AM	1
03/02/2013 05:00:00 AM	0
03/02/2013 06:00:00 AM	6
03/02/2013 07:00:00 AM	17
03/02/2013 08:00:00 AM	23
03/02/2013 09:00:00 AM	44
03/02/2013 10:00:00 AM	49
03/02/2013 11:00:00 AM	54
03/02/2013 12:00:00 PM	48
03/02/2013 01:00:00 PM	53
03/02/2013 02:00:00 PM	56
03/02/2013 03:00:00 PM	37
03/02/2013 04:00:00 PM	42
03/02/2013 05:00:00 PM	45
03/02/2013 06:00:00 PM	24
03/02/2013 07:00:00 PM	13
03/02/2013 08:00:00 PM	14
03/02/2013 09:00:00 PM	6
03/02/2013 10:00:00 PM	17
03/02/2013 11:00:00 PM	8
03/03/2013 12:00:00 AM	10
03/03/2013 01:00:00 AM	2
03/03/2013 02:00:00 AM	1
03/03/2013 03:00:00 AM	2
03/03/2013 04:00:00 AM	1
03/03/2013 05:00:00 AM	3
03/03/2013 06:00:00 AM	7
03/03/2013 07:00:00 AM	6
03/03/2013 08:00:00 AM	31
03/03/2013 09:00:00 AM	28
